[2026-04-28 07:29:40] production.ERROR: SQLSTATE[HY000]: General error: 1824 Failed to open the referenced table 'products' (Connection: mysql, Host: 127.0.0.1, Port: 3306, Database: seemadrycleaner, SQL: alter table `product_options` add constraint `product_options_product_id_foreign` foreign key (`product_id`) references `products` (`id`) on delete cascade) {"exception":"[object] (Illuminate\\Database\\QueryException(code: HY000): SQLSTATE[HY000]: General error: 1824 Failed to open the referenced table 'products' (Connection: mysql, Host: 127.0.0.1, Port: 3306, Database: seemadrycleaner, SQL: alter table `product_options` add constraint `product_options_product_id_foreign` foreign key (`product_id`) references `products` (`id`) on delete cascade) at /home/seemadrycleaner/htdocs/seemadrycleaner.in/vendor/laravel/framework/src/Illuminate/Database/Connection.php:841)
[stacktrace]
#0 /home/seemadrycleaner/htdocs/seemadrycleaner.in/vendor/laravel/framework/src/Illuminate/Database/Connection.php(797): Illuminate\\Database\\Connection->runQueryCallback()
#1 /home/seemadrycleaner/htdocs/seemadrycleaner.in/vendor/laravel/framework/src/Illuminate/Database/Connection.php(576): Illuminate\\Database\\Connection->run()
#2 /home/seemadrycleaner/htdocs/seemadrycleaner.in/vendor/laravel/framework/src/Illuminate/Database/Schema/Blueprint.php(121): Illuminate\\Database\\Connection->statement()
#3 /home/seemadrycleaner/htdocs/seemadrycleaner.in/vendor/laravel/framework/src/Illuminate/Database/Schema/Builder.php(690): Illuminate\\Database\\Schema\\Blueprint->build()
#4 /home/seemadrycleaner/htdocs/seemadrycleaner.in/vendor/laravel/framework/src/Illuminate/Database/Schema/Builder.php(508): Illuminate\\Database\\Schema\\Builder->build()
#5 /home/seemadrycleaner/htdocs/seemadrycleaner.in/vendor/laravel/framework/src/Illuminate/Support/Facades/Facade.php(363): Illuminate\\Database\\Schema\\Builder->create()
#6 /home/seemadrycleaner/htdocs/seemadrycleaner.in/database/migrations/2026_04_23_084708_create_product_options_table.php(14): Illuminate\\Support\\Facades\\Facade::__callStatic()
#7 /home/seemadrycleaner/htdocs/seemadrycleaner.in/vendor/laravel/framework/src/Illuminate/Database/Migrations/Migrator.php(517): Illuminate\\Database\\Migrations\\Migration@anonymous->up()
#8 /home/seemadrycleaner/htdocs/seemadrycleaner.in/vendor/laravel/framework/src/Illuminate/Database/Migrations/Migrator.php(442): Illuminate\\Database\\Migrations\\Migrator->runMethod()
#9 /home/seemadrycleaner/htdocs/seemadrycleaner.in/vendor/laravel/framework/src/Illuminate/Database/Migrations/Migrator.php(451): Illuminate\\Database\\Migrations\\Migrator->{closure:Illuminate\\Database\\Migrations\\Migrator::runMigration():438}()
#10 /home/seemadrycleaner/htdocs/seemadrycleaner.in/vendor/laravel/framework/src/Illuminate/Database/Migrations/Migrator.php(253): Illuminate\\Database\\Migrations\\Migrator->runMigration()
#11 /home/seemadrycleaner/htdocs/seemadrycleaner.in/vendor/laravel/framework/src/Illuminate/Console/View/Components/Task.php(43): Illuminate\\Database\\Migrations\\Migrator->{closure:Illuminate\\Database\\Migrations\\Migrator::runUp():253}()
#12 /home/seemadrycleaner/htdocs/seemadrycleaner.in/vendor/laravel/framework/src/Illuminate/Database/Migrations/Migrator.php(814): Illuminate\\Console\\View\\Components\\Task->render()
#13 /home/seemadrycleaner/htdocs/seemadrycleaner.in/vendor/laravel/framework/src/Illuminate/Database/Migrations/Migrator.php(253): Illuminate\\Database\\Migrations\\Migrator->write()
#14 /home/seemadrycleaner/htdocs/seemadrycleaner.in/vendor/laravel/framework/src/Illuminate/Database/Migrations/Migrator.php(211): Illuminate\\Database\\Migrations\\Migrator->runUp()
#15 /home/seemadrycleaner/htdocs/seemadrycleaner.in/vendor/laravel/framework/src/Illuminate/Database/Migrations/Migrator.php(138): Illuminate\\Database\\Migrations\\Migrator->runPending()
#16 /home/seemadrycleaner/htdocs/seemadrycleaner.in/vendor/laravel/framework/src/Illuminate/Database/Console/Migrations/MigrateCommand.php(118): Illuminate\\Database\\Migrations\\Migrator->run()
#17 /home/seemadrycleaner/htdocs/seemadrycleaner.in/vendor/laravel/framework/src/Illuminate/Database/Migrations/Migrator.php(671): Illuminate\\Database\\Console\\Migrations\\MigrateCommand->{closure:Illuminate\\Database\\Console\\Migrations\\MigrateCommand::runMigrations():111}()
#18 /home/seemadrycleaner/htdocs/seemadrycleaner.in/vendor/laravel/framework/src/Illuminate/Database/Console/Migrations/MigrateCommand.php(111): Illuminate\\Database\\Migrations\\Migrator->usingConnection()
#19 /home/seemadrycleaner/htdocs/seemadrycleaner.in/vendor/laravel/framework/src/Illuminate/Database/Console/Migrations/MigrateCommand.php(90): Illuminate\\Database\\Console\\Migrations\\MigrateCommand->runMigrations()
#20 /home/seemadrycleaner/htdocs/seemadrycleaner.in/vendor/laravel/framework/src/Illuminate/Container/BoundMethod.php(36): Illuminate\\Database\\Console\\Migrations\\MigrateCommand->handle()
#21 /home/seemadrycleaner/htdocs/seemadrycleaner.in/vendor/laravel/framework/src/Illuminate/Container/Util.php(43): Illuminate\\Container\\BoundMethod::{closure:Illuminate\\Container\\BoundMethod::call():35}()
#22 /home/seemadrycleaner/htdocs/seemadrycleaner.in/vendor/laravel/framework/src/Illuminate/Container/BoundMethod.php(96): Illuminate\\Container\\Util::unwrapIfClosure()
#23 /home/seemadrycleaner/htdocs/seemadrycleaner.in/vendor/laravel/framework/src/Illuminate/Container/BoundMethod.php(35): Illuminate\\Container\\BoundMethod::callBoundMethod()
#24 /home/seemadrycleaner/htdocs/seemadrycleaner.in/vendor/laravel/framework/src/Illuminate/Container/Container.php(799): Illuminate\\Container\\BoundMethod::call()
#25 /home/seemadrycleaner/htdocs/seemadrycleaner.in/vendor/laravel/framework/src/Illuminate/Console/Command.php(280): Illuminate\\Container\\Container->call()
#26 /home/seemadrycleaner/htdocs/seemadrycleaner.in/vendor/symfony/console/Command/Command.php(291): Illuminate\\Console\\Command->execute()
#27 /home/seemadrycleaner/htdocs/seemadrycleaner.in/vendor/laravel/framework/src/Illuminate/Console/Command.php(249): Symfony\\Component\\Console\\Command\\Command->run()
#28 /home/seemadrycleaner/htdocs/seemadrycleaner.in/vendor/symfony/console/Application.php(1107): Illuminate\\Console\\Command->run()
#29 /home/seemadrycleaner/htdocs/seemadrycleaner.in/vendor/symfony/console/Application.php(356): Symfony\\Component\\Console\\Application->doRunCommand()
#30 /home/seemadrycleaner/htdocs/seemadrycleaner.in/vendor/symfony/console/Application.php(195): Symfony\\Component\\Console\\Application->doRun()
#31 /home/seemadrycleaner/htdocs/seemadrycleaner.in/vendor/laravel/framework/src/Illuminate/Foundation/Console/Kernel.php(198): Symfony\\Component\\Console\\Application->run()
#32 /home/seemadrycleaner/htdocs/seemadrycleaner.in/vendor/laravel/framework/src/Illuminate/Foundation/Application.php(1235): Illuminate\\Foundation\\Console\\Kernel->handle()
#33 /home/seemadrycleaner/htdocs/seemadrycleaner.in/artisan(16): Illuminate\\Foundation\\Application->handleCommand()
#34 {main}

[previous exception] [object] (PDOException(code: HY000): SQLSTATE[HY000]: General error: 1824 Failed to open the referenced table 'products' at /home/seemadrycleaner/htdocs/seemadrycleaner.in/vendor/laravel/framework/src/Illuminate/Database/Connection.php:587)
[stacktrace]
#0 /home/seemadrycleaner/htdocs/seemadrycleaner.in/vendor/laravel/framework/src/Illuminate/Database/Connection.php(587): PDOStatement->execute()
#1 /home/seemadrycleaner/htdocs/seemadrycleaner.in/vendor/laravel/framework/src/Illuminate/Database/Connection.php(830): Illuminate\\Database\\Connection->{closure:Illuminate\\Database\\Connection::statement():576}()
#2 /home/seemadrycleaner/htdocs/seemadrycleaner.in/vendor/laravel/framework/src/Illuminate/Database/Connection.php(797): Illuminate\\Database\\Connection->runQueryCallback()
#3 /home/seemadrycleaner/htdocs/seemadrycleaner.in/vendor/laravel/framework/src/Illuminate/Database/Connection.php(576): Illuminate\\Database\\Connection->run()
#4 /home/seemadrycleaner/htdocs/seemadrycleaner.in/vendor/laravel/framework/src/Illuminate/Database/Schema/Blueprint.php(121): Illuminate\\Database\\Connection->statement()
#5 /home/seemadrycleaner/htdocs/seemadrycleaner.in/vendor/laravel/framework/src/Illuminate/Database/Schema/Builder.php(690): Illuminate\\Database\\Schema\\Blueprint->build()
#6 /home/seemadrycleaner/htdocs/seemadrycleaner.in/vendor/laravel/framework/src/Illuminate/Database/Schema/Builder.php(508): Illuminate\\Database\\Schema\\Builder->build()
#7 /home/seemadrycleaner/htdocs/seemadrycleaner.in/vendor/laravel/framework/src/Illuminate/Support/Facades/Facade.php(363): Illuminate\\Database\\Schema\\Builder->create()
#8 /home/seemadrycleaner/htdocs/seemadrycleaner.in/database/migrations/2026_04_23_084708_create_product_options_table.php(14): Illuminate\\Support\\Facades\\Facade::__callStatic()
#9 /home/seemadrycleaner/htdocs/seemadrycleaner.in/vendor/laravel/framework/src/Illuminate/Database/Migrations/Migrator.php(517): Illuminate\\Database\\Migrations\\Migration@anonymous->up()
#10 /home/seemadrycleaner/htdocs/seemadrycleaner.in/vendor/laravel/framework/src/Illuminate/Database/Migrations/Migrator.php(442): Illuminate\\Database\\Migrations\\Migrator->runMethod()
#11 /home/seemadrycleaner/htdocs/seemadrycleaner.in/vendor/laravel/framework/src/Illuminate/Database/Migrations/Migrator.php(451): Illuminate\\Database\\Migrations\\Migrator->{closure:Illuminate\\Database\\Migrations\\Migrator::runMigration():438}()
#12 /home/seemadrycleaner/htdocs/seemadrycleaner.in/vendor/laravel/framework/src/Illuminate/Database/Migrations/Migrator.php(253): Illuminate\\Database\\Migrations\\Migrator->runMigration()
#13 /home/seemadrycleaner/htdocs/seemadrycleaner.in/vendor/laravel/framework/src/Illuminate/Console/View/Components/Task.php(43): Illuminate\\Database\\Migrations\\Migrator->{closure:Illuminate\\Database\\Migrations\\Migrator::runUp():253}()
#14 /home/seemadrycleaner/htdocs/seemadrycleaner.in/vendor/laravel/framework/src/Illuminate/Database/Migrations/Migrator.php(814): Illuminate\\Console\\View\\Components\\Task->render()
#15 /home/seemadrycleaner/htdocs/seemadrycleaner.in/vendor/laravel/framework/src/Illuminate/Database/Migrations/Migrator.php(253): Illuminate\\Database\\Migrations\\Migrator->write()
#16 /home/seemadrycleaner/htdocs/seemadrycleaner.in/vendor/laravel/framework/src/Illuminate/Database/Migrations/Migrator.php(211): Illuminate\\Database\\Migrations\\Migrator->runUp()
#17 /home/seemadrycleaner/htdocs/seemadrycleaner.in/vendor/laravel/framework/src/Illuminate/Database/Migrations/Migrator.php(138): Illuminate\\Database\\Migrations\\Migrator->runPending()
#18 /home/seemadrycleaner/htdocs/seemadrycleaner.in/vendor/laravel/framework/src/Illuminate/Database/Console/Migrations/MigrateCommand.php(118): Illuminate\\Database\\Migrations\\Migrator->run()
#19 /home/seemadrycleaner/htdocs/seemadrycleaner.in/vendor/laravel/framework/src/Illuminate/Database/Migrations/Migrator.php(671): Illuminate\\Database\\Console\\Migrations\\MigrateCommand->{closure:Illuminate\\Database\\Console\\Migrations\\MigrateCommand::runMigrations():111}()
#20 /home/seemadrycleaner/htdocs/seemadrycleaner.in/vendor/laravel/framework/src/Illuminate/Database/Console/Migrations/MigrateCommand.php(111): Illuminate\\Database\\Migrations\\Migrator->usingConnection()
#21 /home/seemadrycleaner/htdocs/seemadrycleaner.in/vendor/laravel/framework/src/Illuminate/Database/Console/Migrations/MigrateCommand.php(90): Illuminate\\Database\\Console\\Migrations\\MigrateCommand->runMigrations()
#22 /home/seemadrycleaner/htdocs/seemadrycleaner.in/vendor/laravel/framework/src/Illuminate/Container/BoundMethod.php(36): Illuminate\\Database\\Console\\Migrations\\MigrateCommand->handle()
#23 /home/seemadrycleaner/htdocs/seemadrycleaner.in/vendor/laravel/framework/src/Illuminate/Container/Util.php(43): Illuminate\\Container\\BoundMethod::{closure:Illuminate\\Container\\BoundMethod::call():35}()
#24 /home/seemadrycleaner/htdocs/seemadrycleaner.in/vendor/laravel/framework/src/Illuminate/Container/BoundMethod.php(96): Illuminate\\Container\\Util::unwrapIfClosure()
#25 /home/seemadrycleaner/htdocs/seemadrycleaner.in/vendor/laravel/framework/src/Illuminate/Container/BoundMethod.php(35): Illuminate\\Container\\BoundMethod::callBoundMethod()
#26 /home/seemadrycleaner/htdocs/seemadrycleaner.in/vendor/laravel/framework/src/Illuminate/Container/Container.php(799): Illuminate\\Container\\BoundMethod::call()
#27 /home/seemadrycleaner/htdocs/seemadrycleaner.in/vendor/laravel/framework/src/Illuminate/Console/Command.php(280): Illuminate\\Container\\Container->call()
#28 /home/seemadrycleaner/htdocs/seemadrycleaner.in/vendor/symfony/console/Command/Command.php(291): Illuminate\\Console\\Command->execute()
#29 /home/seemadrycleaner/htdocs/seemadrycleaner.in/vendor/laravel/framework/src/Illuminate/Console/Command.php(249): Symfony\\Component\\Console\\Command\\Command->run()
#30 /home/seemadrycleaner/htdocs/seemadrycleaner.in/vendor/symfony/console/Application.php(1107): Illuminate\\Console\\Command->run()
#31 /home/seemadrycleaner/htdocs/seemadrycleaner.in/vendor/symfony/console/Application.php(356): Symfony\\Component\\Console\\Application->doRunCommand()
#32 /home/seemadrycleaner/htdocs/seemadrycleaner.in/vendor/symfony/console/Application.php(195): Symfony\\Component\\Console\\Application->doRun()
#33 /home/seemadrycleaner/htdocs/seemadrycleaner.in/vendor/laravel/framework/src/Illuminate/Foundation/Console/Kernel.php(198): Symfony\\Component\\Console\\Application->run()
#34 /home/seemadrycleaner/htdocs/seemadrycleaner.in/vendor/laravel/framework/src/Illuminate/Foundation/Application.php(1235): Illuminate\\Foundation\\Console\\Kernel->handle()
#35 /home/seemadrycleaner/htdocs/seemadrycleaner.in/artisan(16): Illuminate\\Foundation\\Application->handleCommand()
#36 {main}
"} 
[2026-04-28 07:32:44] production.ERROR: SQLSTATE[HY000]: General error: 1824 Failed to open the referenced table 'localities' (Connection: mysql, Host: 127.0.0.1, Port: 3306, Database: seemadrycleaner, SQL: alter table `stores` add constraint `stores_locality_id_foreign` foreign key (`locality_id`) references `localities` (`id`) on delete cascade) {"exception":"[object] (Illuminate\\Database\\QueryException(code: HY000): SQLSTATE[HY000]: General error: 1824 Failed to open the referenced table 'localities' (Connection: mysql, Host: 127.0.0.1, Port: 3306, Database: seemadrycleaner, SQL: alter table `stores` add constraint `stores_locality_id_foreign` foreign key (`locality_id`) references `localities` (`id`) on delete cascade) at /home/seemadrycleaner/htdocs/seemadrycleaner.in/vendor/laravel/framework/src/Illuminate/Database/Connection.php:841)
[stacktrace]
#0 /home/seemadrycleaner/htdocs/seemadrycleaner.in/vendor/laravel/framework/src/Illuminate/Database/Connection.php(797): Illuminate\\Database\\Connection->runQueryCallback()
#1 /home/seemadrycleaner/htdocs/seemadrycleaner.in/vendor/laravel/framework/src/Illuminate/Database/Connection.php(576): Illuminate\\Database\\Connection->run()
#2 /home/seemadrycleaner/htdocs/seemadrycleaner.in/vendor/laravel/framework/src/Illuminate/Database/Schema/Blueprint.php(121): Illuminate\\Database\\Connection->statement()
#3 /home/seemadrycleaner/htdocs/seemadrycleaner.in/vendor/laravel/framework/src/Illuminate/Database/Schema/Builder.php(690): Illuminate\\Database\\Schema\\Blueprint->build()
#4 /home/seemadrycleaner/htdocs/seemadrycleaner.in/vendor/laravel/framework/src/Illuminate/Database/Schema/Builder.php(508): Illuminate\\Database\\Schema\\Builder->build()
#5 /home/seemadrycleaner/htdocs/seemadrycleaner.in/vendor/laravel/framework/src/Illuminate/Support/Facades/Facade.php(363): Illuminate\\Database\\Schema\\Builder->create()
#6 /home/seemadrycleaner/htdocs/seemadrycleaner.in/database/migrations/2026_04_23_084708_create_stores_table.php(14): Illuminate\\Support\\Facades\\Facade::__callStatic()
#7 /home/seemadrycleaner/htdocs/seemadrycleaner.in/vendor/laravel/framework/src/Illuminate/Database/Migrations/Migrator.php(517): Illuminate\\Database\\Migrations\\Migration@anonymous->up()
#8 /home/seemadrycleaner/htdocs/seemadrycleaner.in/vendor/laravel/framework/src/Illuminate/Database/Migrations/Migrator.php(442): Illuminate\\Database\\Migrations\\Migrator->runMethod()
#9 /home/seemadrycleaner/htdocs/seemadrycleaner.in/vendor/laravel/framework/src/Illuminate/Database/Migrations/Migrator.php(451): Illuminate\\Database\\Migrations\\Migrator->{closure:Illuminate\\Database\\Migrations\\Migrator::runMigration():438}()
#10 /home/seemadrycleaner/htdocs/seemadrycleaner.in/vendor/laravel/framework/src/Illuminate/Database/Migrations/Migrator.php(253): Illuminate\\Database\\Migrations\\Migrator->runMigration()
#11 /home/seemadrycleaner/htdocs/seemadrycleaner.in/vendor/laravel/framework/src/Illuminate/Console/View/Components/Task.php(43): Illuminate\\Database\\Migrations\\Migrator->{closure:Illuminate\\Database\\Migrations\\Migrator::runUp():253}()
#12 /home/seemadrycleaner/htdocs/seemadrycleaner.in/vendor/laravel/framework/src/Illuminate/Database/Migrations/Migrator.php(814): Illuminate\\Console\\View\\Components\\Task->render()
#13 /home/seemadrycleaner/htdocs/seemadrycleaner.in/vendor/laravel/framework/src/Illuminate/Database/Migrations/Migrator.php(253): Illuminate\\Database\\Migrations\\Migrator->write()
#14 /home/seemadrycleaner/htdocs/seemadrycleaner.in/vendor/laravel/framework/src/Illuminate/Database/Migrations/Migrator.php(211): Illuminate\\Database\\Migrations\\Migrator->runUp()
#15 /home/seemadrycleaner/htdocs/seemadrycleaner.in/vendor/laravel/framework/src/Illuminate/Database/Migrations/Migrator.php(138): Illuminate\\Database\\Migrations\\Migrator->runPending()
#16 /home/seemadrycleaner/htdocs/seemadrycleaner.in/vendor/laravel/framework/src/Illuminate/Database/Console/Migrations/MigrateCommand.php(118): Illuminate\\Database\\Migrations\\Migrator->run()
#17 /home/seemadrycleaner/htdocs/seemadrycleaner.in/vendor/laravel/framework/src/Illuminate/Database/Migrations/Migrator.php(671): Illuminate\\Database\\Console\\Migrations\\MigrateCommand->{closure:Illuminate\\Database\\Console\\Migrations\\MigrateCommand::runMigrations():111}()
#18 /home/seemadrycleaner/htdocs/seemadrycleaner.in/vendor/laravel/framework/src/Illuminate/Database/Console/Migrations/MigrateCommand.php(111): Illuminate\\Database\\Migrations\\Migrator->usingConnection()
#19 /home/seemadrycleaner/htdocs/seemadrycleaner.in/vendor/laravel/framework/src/Illuminate/Database/Console/Migrations/MigrateCommand.php(90): Illuminate\\Database\\Console\\Migrations\\MigrateCommand->runMigrations()
#20 /home/seemadrycleaner/htdocs/seemadrycleaner.in/vendor/laravel/framework/src/Illuminate/Container/BoundMethod.php(36): Illuminate\\Database\\Console\\Migrations\\MigrateCommand->handle()
#21 /home/seemadrycleaner/htdocs/seemadrycleaner.in/vendor/laravel/framework/src/Illuminate/Container/Util.php(43): Illuminate\\Container\\BoundMethod::{closure:Illuminate\\Container\\BoundMethod::call():35}()
#22 /home/seemadrycleaner/htdocs/seemadrycleaner.in/vendor/laravel/framework/src/Illuminate/Container/BoundMethod.php(96): Illuminate\\Container\\Util::unwrapIfClosure()
#23 /home/seemadrycleaner/htdocs/seemadrycleaner.in/vendor/laravel/framework/src/Illuminate/Container/BoundMethod.php(35): Illuminate\\Container\\BoundMethod::callBoundMethod()
#24 /home/seemadrycleaner/htdocs/seemadrycleaner.in/vendor/laravel/framework/src/Illuminate/Container/Container.php(799): Illuminate\\Container\\BoundMethod::call()
#25 /home/seemadrycleaner/htdocs/seemadrycleaner.in/vendor/laravel/framework/src/Illuminate/Console/Command.php(280): Illuminate\\Container\\Container->call()
#26 /home/seemadrycleaner/htdocs/seemadrycleaner.in/vendor/symfony/console/Command/Command.php(291): Illuminate\\Console\\Command->execute()
#27 /home/seemadrycleaner/htdocs/seemadrycleaner.in/vendor/laravel/framework/src/Illuminate/Console/Command.php(249): Symfony\\Component\\Console\\Command\\Command->run()
#28 /home/seemadrycleaner/htdocs/seemadrycleaner.in/vendor/laravel/framework/src/Illuminate/Console/Concerns/CallsCommands.php(68): Illuminate\\Console\\Command->run()
#29 /home/seemadrycleaner/htdocs/seemadrycleaner.in/vendor/laravel/framework/src/Illuminate/Console/Concerns/CallsCommands.php(29): Illuminate\\Console\\Command->runCommand()
#30 /home/seemadrycleaner/htdocs/seemadrycleaner.in/vendor/laravel/framework/src/Illuminate/Database/Console/Migrations/FreshCommand.php(88): Illuminate\\Console\\Command->call()
#31 /home/seemadrycleaner/htdocs/seemadrycleaner.in/vendor/laravel/framework/src/Illuminate/Container/BoundMethod.php(36): Illuminate\\Database\\Console\\Migrations\\FreshCommand->handle()
#32 /home/seemadrycleaner/htdocs/seemadrycleaner.in/vendor/laravel/framework/src/Illuminate/Container/Util.php(43): Illuminate\\Container\\BoundMethod::{closure:Illuminate\\Container\\BoundMethod::call():35}()
#33 /home/seemadrycleaner/htdocs/seemadrycleaner.in/vendor/laravel/framework/src/Illuminate/Container/BoundMethod.php(96): Illuminate\\Container\\Util::unwrapIfClosure()
#34 /home/seemadrycleaner/htdocs/seemadrycleaner.in/vendor/laravel/framework/src/Illuminate/Container/BoundMethod.php(35): Illuminate\\Container\\BoundMethod::callBoundMethod()
#35 /home/seemadrycleaner/htdocs/seemadrycleaner.in/vendor/laravel/framework/src/Illuminate/Container/Container.php(799): Illuminate\\Container\\BoundMethod::call()
#36 /home/seemadrycleaner/htdocs/seemadrycleaner.in/vendor/laravel/framework/src/Illuminate/Console/Command.php(280): Illuminate\\Container\\Container->call()
#37 /home/seemadrycleaner/htdocs/seemadrycleaner.in/vendor/symfony/console/Command/Command.php(291): Illuminate\\Console\\Command->execute()
#38 /home/seemadrycleaner/htdocs/seemadrycleaner.in/vendor/laravel/framework/src/Illuminate/Console/Command.php(249): Symfony\\Component\\Console\\Command\\Command->run()
#39 /home/seemadrycleaner/htdocs/seemadrycleaner.in/vendor/symfony/console/Application.php(1107): Illuminate\\Console\\Command->run()
#40 /home/seemadrycleaner/htdocs/seemadrycleaner.in/vendor/symfony/console/Application.php(356): Symfony\\Component\\Console\\Application->doRunCommand()
#41 /home/seemadrycleaner/htdocs/seemadrycleaner.in/vendor/symfony/console/Application.php(195): Symfony\\Component\\Console\\Application->doRun()
#42 /home/seemadrycleaner/htdocs/seemadrycleaner.in/vendor/laravel/framework/src/Illuminate/Foundation/Console/Kernel.php(198): Symfony\\Component\\Console\\Application->run()
#43 /home/seemadrycleaner/htdocs/seemadrycleaner.in/vendor/laravel/framework/src/Illuminate/Foundation/Application.php(1235): Illuminate\\Foundation\\Console\\Kernel->handle()
#44 /home/seemadrycleaner/htdocs/seemadrycleaner.in/artisan(16): Illuminate\\Foundation\\Application->handleCommand()
#45 {main}

[previous exception] [object] (PDOException(code: HY000): SQLSTATE[HY000]: General error: 1824 Failed to open the referenced table 'localities' at /home/seemadrycleaner/htdocs/seemadrycleaner.in/vendor/laravel/framework/src/Illuminate/Database/Connection.php:587)
[stacktrace]
#0 /home/seemadrycleaner/htdocs/seemadrycleaner.in/vendor/laravel/framework/src/Illuminate/Database/Connection.php(587): PDOStatement->execute()
#1 /home/seemadrycleaner/htdocs/seemadrycleaner.in/vendor/laravel/framework/src/Illuminate/Database/Connection.php(830): Illuminate\\Database\\Connection->{closure:Illuminate\\Database\\Connection::statement():576}()
#2 /home/seemadrycleaner/htdocs/seemadrycleaner.in/vendor/laravel/framework/src/Illuminate/Database/Connection.php(797): Illuminate\\Database\\Connection->runQueryCallback()
#3 /home/seemadrycleaner/htdocs/seemadrycleaner.in/vendor/laravel/framework/src/Illuminate/Database/Connection.php(576): Illuminate\\Database\\Connection->run()
#4 /home/seemadrycleaner/htdocs/seemadrycleaner.in/vendor/laravel/framework/src/Illuminate/Database/Schema/Blueprint.php(121): Illuminate\\Database\\Connection->statement()
#5 /home/seemadrycleaner/htdocs/seemadrycleaner.in/vendor/laravel/framework/src/Illuminate/Database/Schema/Builder.php(690): Illuminate\\Database\\Schema\\Blueprint->build()
#6 /home/seemadrycleaner/htdocs/seemadrycleaner.in/vendor/laravel/framework/src/Illuminate/Database/Schema/Builder.php(508): Illuminate\\Database\\Schema\\Builder->build()
#7 /home/seemadrycleaner/htdocs/seemadrycleaner.in/vendor/laravel/framework/src/Illuminate/Support/Facades/Facade.php(363): Illuminate\\Database\\Schema\\Builder->create()
#8 /home/seemadrycleaner/htdocs/seemadrycleaner.in/database/migrations/2026_04_23_084708_create_stores_table.php(14): Illuminate\\Support\\Facades\\Facade::__callStatic()
#9 /home/seemadrycleaner/htdocs/seemadrycleaner.in/vendor/laravel/framework/src/Illuminate/Database/Migrations/Migrator.php(517): Illuminate\\Database\\Migrations\\Migration@anonymous->up()
#10 /home/seemadrycleaner/htdocs/seemadrycleaner.in/vendor/laravel/framework/src/Illuminate/Database/Migrations/Migrator.php(442): Illuminate\\Database\\Migrations\\Migrator->runMethod()
#11 /home/seemadrycleaner/htdocs/seemadrycleaner.in/vendor/laravel/framework/src/Illuminate/Database/Migrations/Migrator.php(451): Illuminate\\Database\\Migrations\\Migrator->{closure:Illuminate\\Database\\Migrations\\Migrator::runMigration():438}()
#12 /home/seemadrycleaner/htdocs/seemadrycleaner.in/vendor/laravel/framework/src/Illuminate/Database/Migrations/Migrator.php(253): Illuminate\\Database\\Migrations\\Migrator->runMigration()
#13 /home/seemadrycleaner/htdocs/seemadrycleaner.in/vendor/laravel/framework/src/Illuminate/Console/View/Components/Task.php(43): Illuminate\\Database\\Migrations\\Migrator->{closure:Illuminate\\Database\\Migrations\\Migrator::runUp():253}()
#14 /home/seemadrycleaner/htdocs/seemadrycleaner.in/vendor/laravel/framework/src/Illuminate/Database/Migrations/Migrator.php(814): Illuminate\\Console\\View\\Components\\Task->render()
#15 /home/seemadrycleaner/htdocs/seemadrycleaner.in/vendor/laravel/framework/src/Illuminate/Database/Migrations/Migrator.php(253): Illuminate\\Database\\Migrations\\Migrator->write()
#16 /home/seemadrycleaner/htdocs/seemadrycleaner.in/vendor/laravel/framework/src/Illuminate/Database/Migrations/Migrator.php(211): Illuminate\\Database\\Migrations\\Migrator->runUp()
#17 /home/seemadrycleaner/htdocs/seemadrycleaner.in/vendor/laravel/framework/src/Illuminate/Database/Migrations/Migrator.php(138): Illuminate\\Database\\Migrations\\Migrator->runPending()
#18 /home/seemadrycleaner/htdocs/seemadrycleaner.in/vendor/laravel/framework/src/Illuminate/Database/Console/Migrations/MigrateCommand.php(118): Illuminate\\Database\\Migrations\\Migrator->run()
#19 /home/seemadrycleaner/htdocs/seemadrycleaner.in/vendor/laravel/framework/src/Illuminate/Database/Migrations/Migrator.php(671): Illuminate\\Database\\Console\\Migrations\\MigrateCommand->{closure:Illuminate\\Database\\Console\\Migrations\\MigrateCommand::runMigrations():111}()
#20 /home/seemadrycleaner/htdocs/seemadrycleaner.in/vendor/laravel/framework/src/Illuminate/Database/Console/Migrations/MigrateCommand.php(111): Illuminate\\Database\\Migrations\\Migrator->usingConnection()
#21 /home/seemadrycleaner/htdocs/seemadrycleaner.in/vendor/laravel/framework/src/Illuminate/Database/Console/Migrations/MigrateCommand.php(90): Illuminate\\Database\\Console\\Migrations\\MigrateCommand->runMigrations()
#22 /home/seemadrycleaner/htdocs/seemadrycleaner.in/vendor/laravel/framework/src/Illuminate/Container/BoundMethod.php(36): Illuminate\\Database\\Console\\Migrations\\MigrateCommand->handle()
#23 /home/seemadrycleaner/htdocs/seemadrycleaner.in/vendor/laravel/framework/src/Illuminate/Container/Util.php(43): Illuminate\\Container\\BoundMethod::{closure:Illuminate\\Container\\BoundMethod::call():35}()
#24 /home/seemadrycleaner/htdocs/seemadrycleaner.in/vendor/laravel/framework/src/Illuminate/Container/BoundMethod.php(96): Illuminate\\Container\\Util::unwrapIfClosure()
#25 /home/seemadrycleaner/htdocs/seemadrycleaner.in/vendor/laravel/framework/src/Illuminate/Container/BoundMethod.php(35): Illuminate\\Container\\BoundMethod::callBoundMethod()
#26 /home/seemadrycleaner/htdocs/seemadrycleaner.in/vendor/laravel/framework/src/Illuminate/Container/Container.php(799): Illuminate\\Container\\BoundMethod::call()
#27 /home/seemadrycleaner/htdocs/seemadrycleaner.in/vendor/laravel/framework/src/Illuminate/Console/Command.php(280): Illuminate\\Container\\Container->call()
#28 /home/seemadrycleaner/htdocs/seemadrycleaner.in/vendor/symfony/console/Command/Command.php(291): Illuminate\\Console\\Command->execute()
#29 /home/seemadrycleaner/htdocs/seemadrycleaner.in/vendor/laravel/framework/src/Illuminate/Console/Command.php(249): Symfony\\Component\\Console\\Command\\Command->run()
#30 /home/seemadrycleaner/htdocs/seemadrycleaner.in/vendor/laravel/framework/src/Illuminate/Console/Concerns/CallsCommands.php(68): Illuminate\\Console\\Command->run()
#31 /home/seemadrycleaner/htdocs/seemadrycleaner.in/vendor/laravel/framework/src/Illuminate/Console/Concerns/CallsCommands.php(29): Illuminate\\Console\\Command->runCommand()
#32 /home/seemadrycleaner/htdocs/seemadrycleaner.in/vendor/laravel/framework/src/Illuminate/Database/Console/Migrations/FreshCommand.php(88): Illuminate\\Console\\Command->call()
#33 /home/seemadrycleaner/htdocs/seemadrycleaner.in/vendor/laravel/framework/src/Illuminate/Container/BoundMethod.php(36): Illuminate\\Database\\Console\\Migrations\\FreshCommand->handle()
#34 /home/seemadrycleaner/htdocs/seemadrycleaner.in/vendor/laravel/framework/src/Illuminate/Container/Util.php(43): Illuminate\\Container\\BoundMethod::{closure:Illuminate\\Container\\BoundMethod::call():35}()
#35 /home/seemadrycleaner/htdocs/seemadrycleaner.in/vendor/laravel/framework/src/Illuminate/Container/BoundMethod.php(96): Illuminate\\Container\\Util::unwrapIfClosure()
#36 /home/seemadrycleaner/htdocs/seemadrycleaner.in/vendor/laravel/framework/src/Illuminate/Container/BoundMethod.php(35): Illuminate\\Container\\BoundMethod::callBoundMethod()
#37 /home/seemadrycleaner/htdocs/seemadrycleaner.in/vendor/laravel/framework/src/Illuminate/Container/Container.php(799): Illuminate\\Container\\BoundMethod::call()
#38 /home/seemadrycleaner/htdocs/seemadrycleaner.in/vendor/laravel/framework/src/Illuminate/Console/Command.php(280): Illuminate\\Container\\Container->call()
#39 /home/seemadrycleaner/htdocs/seemadrycleaner.in/vendor/symfony/console/Command/Command.php(291): Illuminate\\Console\\Command->execute()
#40 /home/seemadrycleaner/htdocs/seemadrycleaner.in/vendor/laravel/framework/src/Illuminate/Console/Command.php(249): Symfony\\Component\\Console\\Command\\Command->run()
#41 /home/seemadrycleaner/htdocs/seemadrycleaner.in/vendor/symfony/console/Application.php(1107): Illuminate\\Console\\Command->run()
#42 /home/seemadrycleaner/htdocs/seemadrycleaner.in/vendor/symfony/console/Application.php(356): Symfony\\Component\\Console\\Application->doRunCommand()
#43 /home/seemadrycleaner/htdocs/seemadrycleaner.in/vendor/symfony/console/Application.php(195): Symfony\\Component\\Console\\Application->doRun()
#44 /home/seemadrycleaner/htdocs/seemadrycleaner.in/vendor/laravel/framework/src/Illuminate/Foundation/Console/Kernel.php(198): Symfony\\Component\\Console\\Application->run()
#45 /home/seemadrycleaner/htdocs/seemadrycleaner.in/vendor/laravel/framework/src/Illuminate/Foundation/Application.php(1235): Illuminate\\Foundation\\Console\\Kernel->handle()
#46 /home/seemadrycleaner/htdocs/seemadrycleaner.in/artisan(16): Illuminate\\Foundation\\Application->handleCommand()
#47 {main}
"} 
[2026-04-28 07:34:41] production.ERROR: SQLSTATE[HY000]: General error: 1824 Failed to open the referenced table 'orders' (Connection: mysql, Host: 127.0.0.1, Port: 3306, Database: seemadrycleaner, SQL: alter table `order_items` add constraint `order_items_order_id_foreign` foreign key (`order_id`) references `orders` (`id`) on delete cascade) {"exception":"[object] (Illuminate\\Database\\QueryException(code: HY000): SQLSTATE[HY000]: General error: 1824 Failed to open the referenced table 'orders' (Connection: mysql, Host: 127.0.0.1, Port: 3306, Database: seemadrycleaner, SQL: alter table `order_items` add constraint `order_items_order_id_foreign` foreign key (`order_id`) references `orders` (`id`) on delete cascade) at /home/seemadrycleaner/htdocs/seemadrycleaner.in/vendor/laravel/framework/src/Illuminate/Database/Connection.php:841)
[stacktrace]
#0 /home/seemadrycleaner/htdocs/seemadrycleaner.in/vendor/laravel/framework/src/Illuminate/Database/Connection.php(797): Illuminate\\Database\\Connection->runQueryCallback()
#1 /home/seemadrycleaner/htdocs/seemadrycleaner.in/vendor/laravel/framework/src/Illuminate/Database/Connection.php(576): Illuminate\\Database\\Connection->run()
#2 /home/seemadrycleaner/htdocs/seemadrycleaner.in/vendor/laravel/framework/src/Illuminate/Database/Schema/Blueprint.php(121): Illuminate\\Database\\Connection->statement()
#3 /home/seemadrycleaner/htdocs/seemadrycleaner.in/vendor/laravel/framework/src/Illuminate/Database/Schema/Builder.php(690): Illuminate\\Database\\Schema\\Blueprint->build()
#4 /home/seemadrycleaner/htdocs/seemadrycleaner.in/vendor/laravel/framework/src/Illuminate/Database/Schema/Builder.php(508): Illuminate\\Database\\Schema\\Builder->build()
#5 /home/seemadrycleaner/htdocs/seemadrycleaner.in/vendor/laravel/framework/src/Illuminate/Support/Facades/Facade.php(363): Illuminate\\Database\\Schema\\Builder->create()
#6 /home/seemadrycleaner/htdocs/seemadrycleaner.in/database/migrations/2026_04_23_092409_create_order_items_table.php(14): Illuminate\\Support\\Facades\\Facade::__callStatic()
#7 /home/seemadrycleaner/htdocs/seemadrycleaner.in/vendor/laravel/framework/src/Illuminate/Database/Migrations/Migrator.php(517): Illuminate\\Database\\Migrations\\Migration@anonymous->up()
#8 /home/seemadrycleaner/htdocs/seemadrycleaner.in/vendor/laravel/framework/src/Illuminate/Database/Migrations/Migrator.php(442): Illuminate\\Database\\Migrations\\Migrator->runMethod()
#9 /home/seemadrycleaner/htdocs/seemadrycleaner.in/vendor/laravel/framework/src/Illuminate/Database/Migrations/Migrator.php(451): Illuminate\\Database\\Migrations\\Migrator->{closure:Illuminate\\Database\\Migrations\\Migrator::runMigration():438}()
#10 /home/seemadrycleaner/htdocs/seemadrycleaner.in/vendor/laravel/framework/src/Illuminate/Database/Migrations/Migrator.php(253): Illuminate\\Database\\Migrations\\Migrator->runMigration()
#11 /home/seemadrycleaner/htdocs/seemadrycleaner.in/vendor/laravel/framework/src/Illuminate/Console/View/Components/Task.php(43): Illuminate\\Database\\Migrations\\Migrator->{closure:Illuminate\\Database\\Migrations\\Migrator::runUp():253}()
#12 /home/seemadrycleaner/htdocs/seemadrycleaner.in/vendor/laravel/framework/src/Illuminate/Database/Migrations/Migrator.php(814): Illuminate\\Console\\View\\Components\\Task->render()
#13 /home/seemadrycleaner/htdocs/seemadrycleaner.in/vendor/laravel/framework/src/Illuminate/Database/Migrations/Migrator.php(253): Illuminate\\Database\\Migrations\\Migrator->write()
#14 /home/seemadrycleaner/htdocs/seemadrycleaner.in/vendor/laravel/framework/src/Illuminate/Database/Migrations/Migrator.php(211): Illuminate\\Database\\Migrations\\Migrator->runUp()
#15 /home/seemadrycleaner/htdocs/seemadrycleaner.in/vendor/laravel/framework/src/Illuminate/Database/Migrations/Migrator.php(138): Illuminate\\Database\\Migrations\\Migrator->runPending()
#16 /home/seemadrycleaner/htdocs/seemadrycleaner.in/vendor/laravel/framework/src/Illuminate/Database/Console/Migrations/MigrateCommand.php(118): Illuminate\\Database\\Migrations\\Migrator->run()
#17 /home/seemadrycleaner/htdocs/seemadrycleaner.in/vendor/laravel/framework/src/Illuminate/Database/Migrations/Migrator.php(671): Illuminate\\Database\\Console\\Migrations\\MigrateCommand->{closure:Illuminate\\Database\\Console\\Migrations\\MigrateCommand::runMigrations():111}()
#18 /home/seemadrycleaner/htdocs/seemadrycleaner.in/vendor/laravel/framework/src/Illuminate/Database/Console/Migrations/MigrateCommand.php(111): Illuminate\\Database\\Migrations\\Migrator->usingConnection()
#19 /home/seemadrycleaner/htdocs/seemadrycleaner.in/vendor/laravel/framework/src/Illuminate/Database/Console/Migrations/MigrateCommand.php(90): Illuminate\\Database\\Console\\Migrations\\MigrateCommand->runMigrations()
#20 /home/seemadrycleaner/htdocs/seemadrycleaner.in/vendor/laravel/framework/src/Illuminate/Container/BoundMethod.php(36): Illuminate\\Database\\Console\\Migrations\\MigrateCommand->handle()
#21 /home/seemadrycleaner/htdocs/seemadrycleaner.in/vendor/laravel/framework/src/Illuminate/Container/Util.php(43): Illuminate\\Container\\BoundMethod::{closure:Illuminate\\Container\\BoundMethod::call():35}()
#22 /home/seemadrycleaner/htdocs/seemadrycleaner.in/vendor/laravel/framework/src/Illuminate/Container/BoundMethod.php(96): Illuminate\\Container\\Util::unwrapIfClosure()
#23 /home/seemadrycleaner/htdocs/seemadrycleaner.in/vendor/laravel/framework/src/Illuminate/Container/BoundMethod.php(35): Illuminate\\Container\\BoundMethod::callBoundMethod()
#24 /home/seemadrycleaner/htdocs/seemadrycleaner.in/vendor/laravel/framework/src/Illuminate/Container/Container.php(799): Illuminate\\Container\\BoundMethod::call()
#25 /home/seemadrycleaner/htdocs/seemadrycleaner.in/vendor/laravel/framework/src/Illuminate/Console/Command.php(280): Illuminate\\Container\\Container->call()
#26 /home/seemadrycleaner/htdocs/seemadrycleaner.in/vendor/symfony/console/Command/Command.php(291): Illuminate\\Console\\Command->execute()
#27 /home/seemadrycleaner/htdocs/seemadrycleaner.in/vendor/laravel/framework/src/Illuminate/Console/Command.php(249): Symfony\\Component\\Console\\Command\\Command->run()
#28 /home/seemadrycleaner/htdocs/seemadrycleaner.in/vendor/laravel/framework/src/Illuminate/Console/Concerns/CallsCommands.php(68): Illuminate\\Console\\Command->run()
#29 /home/seemadrycleaner/htdocs/seemadrycleaner.in/vendor/laravel/framework/src/Illuminate/Console/Concerns/CallsCommands.php(29): Illuminate\\Console\\Command->runCommand()
#30 /home/seemadrycleaner/htdocs/seemadrycleaner.in/vendor/laravel/framework/src/Illuminate/Database/Console/Migrations/FreshCommand.php(88): Illuminate\\Console\\Command->call()
#31 /home/seemadrycleaner/htdocs/seemadrycleaner.in/vendor/laravel/framework/src/Illuminate/Container/BoundMethod.php(36): Illuminate\\Database\\Console\\Migrations\\FreshCommand->handle()
#32 /home/seemadrycleaner/htdocs/seemadrycleaner.in/vendor/laravel/framework/src/Illuminate/Container/Util.php(43): Illuminate\\Container\\BoundMethod::{closure:Illuminate\\Container\\BoundMethod::call():35}()
#33 /home/seemadrycleaner/htdocs/seemadrycleaner.in/vendor/laravel/framework/src/Illuminate/Container/BoundMethod.php(96): Illuminate\\Container\\Util::unwrapIfClosure()
#34 /home/seemadrycleaner/htdocs/seemadrycleaner.in/vendor/laravel/framework/src/Illuminate/Container/BoundMethod.php(35): Illuminate\\Container\\BoundMethod::callBoundMethod()
#35 /home/seemadrycleaner/htdocs/seemadrycleaner.in/vendor/laravel/framework/src/Illuminate/Container/Container.php(799): Illuminate\\Container\\BoundMethod::call()
#36 /home/seemadrycleaner/htdocs/seemadrycleaner.in/vendor/laravel/framework/src/Illuminate/Console/Command.php(280): Illuminate\\Container\\Container->call()
#37 /home/seemadrycleaner/htdocs/seemadrycleaner.in/vendor/symfony/console/Command/Command.php(291): Illuminate\\Console\\Command->execute()
#38 /home/seemadrycleaner/htdocs/seemadrycleaner.in/vendor/laravel/framework/src/Illuminate/Console/Command.php(249): Symfony\\Component\\Console\\Command\\Command->run()
#39 /home/seemadrycleaner/htdocs/seemadrycleaner.in/vendor/symfony/console/Application.php(1107): Illuminate\\Console\\Command->run()
#40 /home/seemadrycleaner/htdocs/seemadrycleaner.in/vendor/symfony/console/Application.php(356): Symfony\\Component\\Console\\Application->doRunCommand()
#41 /home/seemadrycleaner/htdocs/seemadrycleaner.in/vendor/symfony/console/Application.php(195): Symfony\\Component\\Console\\Application->doRun()
#42 /home/seemadrycleaner/htdocs/seemadrycleaner.in/vendor/laravel/framework/src/Illuminate/Foundation/Console/Kernel.php(198): Symfony\\Component\\Console\\Application->run()
#43 /home/seemadrycleaner/htdocs/seemadrycleaner.in/vendor/laravel/framework/src/Illuminate/Foundation/Application.php(1235): Illuminate\\Foundation\\Console\\Kernel->handle()
#44 /home/seemadrycleaner/htdocs/seemadrycleaner.in/artisan(16): Illuminate\\Foundation\\Application->handleCommand()
#45 {main}

[previous exception] [object] (PDOException(code: HY000): SQLSTATE[HY000]: General error: 1824 Failed to open the referenced table 'orders' at /home/seemadrycleaner/htdocs/seemadrycleaner.in/vendor/laravel/framework/src/Illuminate/Database/Connection.php:587)
[stacktrace]
#0 /home/seemadrycleaner/htdocs/seemadrycleaner.in/vendor/laravel/framework/src/Illuminate/Database/Connection.php(587): PDOStatement->execute()
#1 /home/seemadrycleaner/htdocs/seemadrycleaner.in/vendor/laravel/framework/src/Illuminate/Database/Connection.php(830): Illuminate\\Database\\Connection->{closure:Illuminate\\Database\\Connection::statement():576}()
#2 /home/seemadrycleaner/htdocs/seemadrycleaner.in/vendor/laravel/framework/src/Illuminate/Database/Connection.php(797): Illuminate\\Database\\Connection->runQueryCallback()
#3 /home/seemadrycleaner/htdocs/seemadrycleaner.in/vendor/laravel/framework/src/Illuminate/Database/Connection.php(576): Illuminate\\Database\\Connection->run()
#4 /home/seemadrycleaner/htdocs/seemadrycleaner.in/vendor/laravel/framework/src/Illuminate/Database/Schema/Blueprint.php(121): Illuminate\\Database\\Connection->statement()
#5 /home/seemadrycleaner/htdocs/seemadrycleaner.in/vendor/laravel/framework/src/Illuminate/Database/Schema/Builder.php(690): Illuminate\\Database\\Schema\\Blueprint->build()
#6 /home/seemadrycleaner/htdocs/seemadrycleaner.in/vendor/laravel/framework/src/Illuminate/Database/Schema/Builder.php(508): Illuminate\\Database\\Schema\\Builder->build()
#7 /home/seemadrycleaner/htdocs/seemadrycleaner.in/vendor/laravel/framework/src/Illuminate/Support/Facades/Facade.php(363): Illuminate\\Database\\Schema\\Builder->create()
#8 /home/seemadrycleaner/htdocs/seemadrycleaner.in/database/migrations/2026_04_23_092409_create_order_items_table.php(14): Illuminate\\Support\\Facades\\Facade::__callStatic()
#9 /home/seemadrycleaner/htdocs/seemadrycleaner.in/vendor/laravel/framework/src/Illuminate/Database/Migrations/Migrator.php(517): Illuminate\\Database\\Migrations\\Migration@anonymous->up()
#10 /home/seemadrycleaner/htdocs/seemadrycleaner.in/vendor/laravel/framework/src/Illuminate/Database/Migrations/Migrator.php(442): Illuminate\\Database\\Migrations\\Migrator->runMethod()
#11 /home/seemadrycleaner/htdocs/seemadrycleaner.in/vendor/laravel/framework/src/Illuminate/Database/Migrations/Migrator.php(451): Illuminate\\Database\\Migrations\\Migrator->{closure:Illuminate\\Database\\Migrations\\Migrator::runMigration():438}()
#12 /home/seemadrycleaner/htdocs/seemadrycleaner.in/vendor/laravel/framework/src/Illuminate/Database/Migrations/Migrator.php(253): Illuminate\\Database\\Migrations\\Migrator->runMigration()
#13 /home/seemadrycleaner/htdocs/seemadrycleaner.in/vendor/laravel/framework/src/Illuminate/Console/View/Components/Task.php(43): Illuminate\\Database\\Migrations\\Migrator->{closure:Illuminate\\Database\\Migrations\\Migrator::runUp():253}()
#14 /home/seemadrycleaner/htdocs/seemadrycleaner.in/vendor/laravel/framework/src/Illuminate/Database/Migrations/Migrator.php(814): Illuminate\\Console\\View\\Components\\Task->render()
#15 /home/seemadrycleaner/htdocs/seemadrycleaner.in/vendor/laravel/framework/src/Illuminate/Database/Migrations/Migrator.php(253): Illuminate\\Database\\Migrations\\Migrator->write()
#16 /home/seemadrycleaner/htdocs/seemadrycleaner.in/vendor/laravel/framework/src/Illuminate/Database/Migrations/Migrator.php(211): Illuminate\\Database\\Migrations\\Migrator->runUp()
#17 /home/seemadrycleaner/htdocs/seemadrycleaner.in/vendor/laravel/framework/src/Illuminate/Database/Migrations/Migrator.php(138): Illuminate\\Database\\Migrations\\Migrator->runPending()
#18 /home/seemadrycleaner/htdocs/seemadrycleaner.in/vendor/laravel/framework/src/Illuminate/Database/Console/Migrations/MigrateCommand.php(118): Illuminate\\Database\\Migrations\\Migrator->run()
#19 /home/seemadrycleaner/htdocs/seemadrycleaner.in/vendor/laravel/framework/src/Illuminate/Database/Migrations/Migrator.php(671): Illuminate\\Database\\Console\\Migrations\\MigrateCommand->{closure:Illuminate\\Database\\Console\\Migrations\\MigrateCommand::runMigrations():111}()
#20 /home/seemadrycleaner/htdocs/seemadrycleaner.in/vendor/laravel/framework/src/Illuminate/Database/Console/Migrations/MigrateCommand.php(111): Illuminate\\Database\\Migrations\\Migrator->usingConnection()
#21 /home/seemadrycleaner/htdocs/seemadrycleaner.in/vendor/laravel/framework/src/Illuminate/Database/Console/Migrations/MigrateCommand.php(90): Illuminate\\Database\\Console\\Migrations\\MigrateCommand->runMigrations()
#22 /home/seemadrycleaner/htdocs/seemadrycleaner.in/vendor/laravel/framework/src/Illuminate/Container/BoundMethod.php(36): Illuminate\\Database\\Console\\Migrations\\MigrateCommand->handle()
#23 /home/seemadrycleaner/htdocs/seemadrycleaner.in/vendor/laravel/framework/src/Illuminate/Container/Util.php(43): Illuminate\\Container\\BoundMethod::{closure:Illuminate\\Container\\BoundMethod::call():35}()
#24 /home/seemadrycleaner/htdocs/seemadrycleaner.in/vendor/laravel/framework/src/Illuminate/Container/BoundMethod.php(96): Illuminate\\Container\\Util::unwrapIfClosure()
#25 /home/seemadrycleaner/htdocs/seemadrycleaner.in/vendor/laravel/framework/src/Illuminate/Container/BoundMethod.php(35): Illuminate\\Container\\BoundMethod::callBoundMethod()
#26 /home/seemadrycleaner/htdocs/seemadrycleaner.in/vendor/laravel/framework/src/Illuminate/Container/Container.php(799): Illuminate\\Container\\BoundMethod::call()
#27 /home/seemadrycleaner/htdocs/seemadrycleaner.in/vendor/laravel/framework/src/Illuminate/Console/Command.php(280): Illuminate\\Container\\Container->call()
#28 /home/seemadrycleaner/htdocs/seemadrycleaner.in/vendor/symfony/console/Command/Command.php(291): Illuminate\\Console\\Command->execute()
#29 /home/seemadrycleaner/htdocs/seemadrycleaner.in/vendor/laravel/framework/src/Illuminate/Console/Command.php(249): Symfony\\Component\\Console\\Command\\Command->run()
#30 /home/seemadrycleaner/htdocs/seemadrycleaner.in/vendor/laravel/framework/src/Illuminate/Console/Concerns/CallsCommands.php(68): Illuminate\\Console\\Command->run()
#31 /home/seemadrycleaner/htdocs/seemadrycleaner.in/vendor/laravel/framework/src/Illuminate/Console/Concerns/CallsCommands.php(29): Illuminate\\Console\\Command->runCommand()
#32 /home/seemadrycleaner/htdocs/seemadrycleaner.in/vendor/laravel/framework/src/Illuminate/Database/Console/Migrations/FreshCommand.php(88): Illuminate\\Console\\Command->call()
#33 /home/seemadrycleaner/htdocs/seemadrycleaner.in/vendor/laravel/framework/src/Illuminate/Container/BoundMethod.php(36): Illuminate\\Database\\Console\\Migrations\\FreshCommand->handle()
#34 /home/seemadrycleaner/htdocs/seemadrycleaner.in/vendor/laravel/framework/src/Illuminate/Container/Util.php(43): Illuminate\\Container\\BoundMethod::{closure:Illuminate\\Container\\BoundMethod::call():35}()
#35 /home/seemadrycleaner/htdocs/seemadrycleaner.in/vendor/laravel/framework/src/Illuminate/Container/BoundMethod.php(96): Illuminate\\Container\\Util::unwrapIfClosure()
#36 /home/seemadrycleaner/htdocs/seemadrycleaner.in/vendor/laravel/framework/src/Illuminate/Container/BoundMethod.php(35): Illuminate\\Container\\BoundMethod::callBoundMethod()
#37 /home/seemadrycleaner/htdocs/seemadrycleaner.in/vendor/laravel/framework/src/Illuminate/Container/Container.php(799): Illuminate\\Container\\BoundMethod::call()
#38 /home/seemadrycleaner/htdocs/seemadrycleaner.in/vendor/laravel/framework/src/Illuminate/Console/Command.php(280): Illuminate\\Container\\Container->call()
#39 /home/seemadrycleaner/htdocs/seemadrycleaner.in/vendor/symfony/console/Command/Command.php(291): Illuminate\\Console\\Command->execute()
#40 /home/seemadrycleaner/htdocs/seemadrycleaner.in/vendor/laravel/framework/src/Illuminate/Console/Command.php(249): Symfony\\Component\\Console\\Command\\Command->run()
#41 /home/seemadrycleaner/htdocs/seemadrycleaner.in/vendor/symfony/console/Application.php(1107): Illuminate\\Console\\Command->run()
#42 /home/seemadrycleaner/htdocs/seemadrycleaner.in/vendor/symfony/console/Application.php(356): Symfony\\Component\\Console\\Application->doRunCommand()
#43 /home/seemadrycleaner/htdocs/seemadrycleaner.in/vendor/symfony/console/Application.php(195): Symfony\\Component\\Console\\Application->doRun()
#44 /home/seemadrycleaner/htdocs/seemadrycleaner.in/vendor/laravel/framework/src/Illuminate/Foundation/Console/Kernel.php(198): Symfony\\Component\\Console\\Application->run()
#45 /home/seemadrycleaner/htdocs/seemadrycleaner.in/vendor/laravel/framework/src/Illuminate/Foundation/Application.php(1235): Illuminate\\Foundation\\Console\\Kernel->handle()
#46 /home/seemadrycleaner/htdocs/seemadrycleaner.in/artisan(16): Illuminate\\Foundation\\Application->handleCommand()
#47 {main}
"} 
[2026-04-28 09:24:34] production.INFO: WhatsApp Order Confirmation Logged (Placeholder): To: 9999083804 | Msg: Hello Walkin Customer! 👋 
Thank you for choosing seemadrycleaner. 

📦 *Order #1-20260428MXCD has been placed successfully.* 
💰 Total Amount: ₹650.00

We will notify you once your clothes are processed!  
[2026-04-28 09:53:52] production.INFO: WhatsApp Order Confirmation Logged (Placeholder): To: 6200588745 | Msg: Hello Walkin Customer! 👋 
Thank you for choosing seemadrycleaner. 

📦 *Order #1-20260428XD7T has been placed successfully.* 
💰 Total Amount: ₹250.00

We will notify you once your clothes are processed!  
[2026-04-28 10:00:24] production.INFO: WhatsApp Notification Logged (Placeholder): To: 6200588745 | Msg: Hi Walkin Customer, your seemadrycleaner order #1-20260428XD7T is now: *Delivered*. 

🙏 Thank you for choosing seemadrycleaner. Hope to see you again soon!  
[2026-04-28 10:07:32] production.WARNING: Cannot send notification for Order #1-20260428FRYT: No phone number found.  
[2026-04-28 17:39:41] production.WARNING: Cannot send notification for Order #2-20260428EW1R: No phone number found.  
[2026-05-01 06:57:11] production.INFO: WhatsApp Order Confirmation Logged (Placeholder): To: 9256478954 | Msg: Hello dk test! 👋 
Thank you for choosing seemadrycleaner. 

📦 *Order #1-20260501YCOW has been placed successfully.* 
💰 Total Amount: ₹290.00

We will notify you once your clothes are processed!  
[2026-05-01 08:00:40] production.INFO: WhatsApp Order Confirmation Logged (Placeholder): To: 1234567890 | Msg: Hello test1! 👋 
Thank you for choosing seemadrycleaner. 

📦 *Order #1-202605019SKK has been placed successfully.* 
💰 Total Amount: ₹140.00

We will notify you once your clothes are processed!  
[2026-05-01 08:02:15] production.INFO: WhatsApp Notification Logged (Placeholder): To: 1234567890 | Msg: Hi test1, your seemadrycleaner order #1-202605019SKK is now: *Processing*.  
[2026-05-01 08:02:19] production.INFO: WhatsApp Notification Logged (Placeholder): To: 1234567890 | Msg: Hi test1, your seemadrycleaner order #1-202605019SKK is now: *Washed*.  
[2026-05-01 08:02:23] production.INFO: WhatsApp Notification Logged (Placeholder): To: 1234567890 | Msg: Hi test1, your seemadrycleaner order #1-202605019SKK is now: *Ironed*.  
[2026-05-01 08:02:28] production.INFO: WhatsApp Notification Logged (Placeholder): To: 1234567890 | Msg: Hi test1, your seemadrycleaner order #1-202605019SKK is now: *Ready*. 

✅ Your clothes are ready for pickup! 
💰 Total Amount: ₹140.00  
[2026-05-01 08:07:31] production.INFO: WhatsApp Order Confirmation Logged (Placeholder): To: 1234567899 | Msg: Hello Slot-2! 👋 
Thank you for choosing seemadrycleaner. 

📦 *Order #1-20260501WLSV has been placed successfully.* 
💰 Total Amount: ₹550.00

We will notify you once your clothes are processed!  
[2026-05-01 08:08:14] production.INFO: WhatsApp Notification Logged (Placeholder): To: 1234567899 | Msg: Hi Slot-2, your seemadrycleaner order #1-20260501WLSV is now: *Pickedup*.  
[2026-05-05 09:54:14] production.WARNING: Method Not Allowed (405) {"url":"https://seemadrycleaner.in","method":"POST","body":[]} 
[2026-09-14 07:30:07] production.ERROR: SQLSTATE[HY000] [2002] No connection could be made because the target machine actively refused it (Connection: mysql, Host: 127.0.0.1, Port: 3306, Database: seemadrycleaner, SQL: select * from `sessions` where `id` = eW0TSPuEw0E18tFDNd6yUnQaOCziUuwZFcwydj9K limit 1) {"exception":"[object] (Illuminate\\Database\\QueryException(code: 2002): SQLSTATE[HY000] [2002] No connection could be made because the target machine actively refused it (Connection: mysql, Host: 127.0.0.1, Port: 3306, Database: seemadrycleaner, SQL: select * from `sessions` where `id` = eW0TSPuEw0E18tFDNd6yUnQaOCziUuwZFcwydj9K limit 1) at D:/DKINFOTECH/seemadrycleaner.in/vendor/laravel/framework/src/Illuminate/Database/Connection.php:841)
[stacktrace]
#0 D:/DKINFOTECH/seemadrycleaner.in/vendor/laravel/framework/src/Illuminate/Database/Connection.php(1021): Illuminate/Database/Connection->runQueryCallback()
#1 D:/DKINFOTECH/seemadrycleaner.in/vendor/laravel/framework/src/Illuminate/Database/Connection.php(1000): Illuminate/Database/Connection->tryAgainIfCausedByLostConnection()
#2 D:/DKINFOTECH/seemadrycleaner.in/vendor/laravel/framework/src/Illuminate/Database/Connection.php(799): Illuminate/Database/Connection->handleQueryException()
#3 D:/DKINFOTECH/seemadrycleaner.in/vendor/laravel/framework/src/Illuminate/Database/Connection.php(412): Illuminate/Database/Connection->run()
#4 D:/DKINFOTECH/seemadrycleaner.in/vendor/laravel/framework/src/Illuminate/Database/Query/Builder.php(3562): Illuminate/Database/Connection->select()
#5 D:/DKINFOTECH/seemadrycleaner.in/vendor/laravel/framework/src/Illuminate/Database/Query/Builder.php(3546): Illuminate/Database/Query/Builder->runSelect()
#6 D:/DKINFOTECH/seemadrycleaner.in/vendor/laravel/framework/src/Illuminate/Database/Concerns/BuildsQueries.php(367): Illuminate/Database/Query/Builder->get()
#7 D:/DKINFOTECH/seemadrycleaner.in/vendor/laravel/framework/src/Illuminate/Database/Query/Builder.php(3464): Illuminate/Database/Query/Builder->first()
#8 D:/DKINFOTECH/seemadrycleaner.in/vendor/laravel/framework/src/Illuminate/Session/DatabaseSessionHandler.php(96): Illuminate/Database/Query/Builder->find()
#9 D:/DKINFOTECH/seemadrycleaner.in/vendor/laravel/framework/src/Illuminate/Session/Store.php(128): Illuminate/Session/DatabaseSessionHandler->read()
#10 D:/DKINFOTECH/seemadrycleaner.in/vendor/laravel/framework/src/Illuminate/Session/Store.php(116): Illuminate/Session/Store->readFromHandler()
#11 D:/DKINFOTECH/seemadrycleaner.in/vendor/laravel/framework/src/Illuminate/Session/Store.php(100): Illuminate/Session/Store->loadSession()
#12 D:/DKINFOTECH/seemadrycleaner.in/vendor/laravel/framework/src/Illuminate/Session/Middleware/StartSession.php(146): Illuminate/Session/Store->start()
#13 D:/DKINFOTECH/seemadrycleaner.in/vendor/laravel/framework/src/Illuminate/Support/helpers.php(393): Illuminate/Session/Middleware/StartSession->{closure:Illuminate/Session/Middleware/StartSession::startSession():143}()
#14 D:/DKINFOTECH/seemadrycleaner.in/vendor/laravel/framework/src/Illuminate/Session/Middleware/StartSession.php(143): tap()
#15 D:/DKINFOTECH/seemadrycleaner.in/vendor/laravel/framework/src/Illuminate/Session/Middleware/StartSession.php(115): Illuminate/Session/Middleware/StartSession->startSession()
#16 D:/DKINFOTECH/seemadrycleaner.in/vendor/laravel/framework/src/Illuminate/Session/Middleware/StartSession.php(63): Illuminate/Session/Middleware/StartSession->handleStatefulRequest()
#17 D:/DKINFOTECH/seemadrycleaner.in/vendor/laravel/framework/src/Illuminate/Pipeline/Pipeline.php(219): Illuminate/Session/Middleware/StartSession->handle()
#18 D:/DKINFOTECH/seemadrycleaner.in/vendor/laravel/framework/src/Illuminate/Cookie/Middleware/AddQueuedCookiesToResponse.php(36): Illuminate/Pipeline/Pipeline->{closure:{closure:Illuminate/Pipeline/Pipeline::carry():194}:195}()
#19 D:/DKINFOTECH/seemadrycleaner.in/vendor/laravel/framework/src/Illuminate/Pipeline/Pipeline.php(219): Illuminate/Cookie/Middleware/AddQueuedCookiesToResponse->handle()
#20 D:/DKINFOTECH/seemadrycleaner.in/vendor/laravel/framework/src/Illuminate/Cookie/Middleware/EncryptCookies.php(74): Illuminate/Pipeline/Pipeline->{closure:{closure:Illuminate/Pipeline/Pipeline::carry():194}:195}()
#21 D:/DKINFOTECH/seemadrycleaner.in/vendor/laravel/framework/src/Illuminate/Pipeline/Pipeline.php(219): Illuminate/Cookie/Middleware/EncryptCookies->handle()
#22 D:/DKINFOTECH/seemadrycleaner.in/vendor/laravel/framework/src/Illuminate/Pipeline/Pipeline.php(137): Illuminate/Pipeline/Pipeline->{closure:{closure:Illuminate/Pipeline/Pipeline::carry():194}:195}()
#23 D:/DKINFOTECH/seemadrycleaner.in/vendor/laravel/framework/src/Illuminate/Routing/Router.php(821): Illuminate/Pipeline/Pipeline->then()
#24 D:/DKINFOTECH/seemadrycleaner.in/vendor/laravel/framework/src/Illuminate/Routing/Router.php(800): Illuminate/Routing/Router->runRouteWithinStack()
#25 D:/DKINFOTECH/seemadrycleaner.in/vendor/laravel/framework/src/Illuminate/Routing/Router.php(764): Illuminate/Routing/Router->runRoute()
#26 D:/DKINFOTECH/seemadrycleaner.in/vendor/laravel/framework/src/Illuminate/Routing/Router.php(753): Illuminate/Routing/Router->dispatchToRoute()
#27 D:/DKINFOTECH/seemadrycleaner.in/vendor/laravel/framework/src/Illuminate/Foundation/Http/Kernel.php(200): Illuminate/Routing/Router->dispatch()
#28 D:/DKINFOTECH/seemadrycleaner.in/vendor/laravel/framework/src/Illuminate/Pipeline/Pipeline.php(180): Illuminate/Foundation/Http/Kernel->{closure:Illuminate/Foundation/Http/Kernel::dispatchToRouter():197}()
#29 D:/DKINFOTECH/seemadrycleaner.in/vendor/laravel/framework/src/Illuminate/Foundation/Http/Middleware/TransformsRequest.php(21): Illuminate/Pipeline/Pipeline->{closure:Illuminate/Pipeline/Pipeline::prepareDestination():178}()
#30 D:/DKINFOTECH/seemadrycleaner.in/vendor/laravel/framework/src/Illuminate/Foundation/Http/Middleware/ConvertEmptyStringsToNull.php(31): Illuminate/Foundation/Http/Middleware/TransformsRequest->handle()
#31 D:/DKINFOTECH/seemadrycleaner.in/vendor/laravel/framework/src/Illuminate/Pipeline/Pipeline.php(219): Illuminate/Foundation/Http/Middleware/ConvertEmptyStringsToNull->handle()
#32 D:/DKINFOTECH/seemadrycleaner.in/vendor/laravel/framework/src/Illuminate/Foundation/Http/Middleware/TransformsRequest.php(21): Illuminate/Pipeline/Pipeline->{closure:{closure:Illuminate/Pipeline/Pipeline::carry():194}:195}()
#33 D:/DKINFOTECH/seemadrycleaner.in/vendor/laravel/framework/src/Illuminate/Foundation/Http/Middleware/TrimStrings.php(51): Illuminate/Foundation/Http/Middleware/TransformsRequest->handle()
#34 D:/DKINFOTECH/seemadrycleaner.in/vendor/laravel/framework/src/Illuminate/Pipeline/Pipeline.php(219): Illuminate/Foundation/Http/Middleware/TrimStrings->handle()
#35 D:/DKINFOTECH/seemadrycleaner.in/vendor/laravel/framework/src/Illuminate/Http/Middleware/ValidatePostSize.php(27): Illuminate/Pipeline/Pipeline->{closure:{closure:Illuminate/Pipeline/Pipeline::carry():194}:195}()
#36 D:/DKINFOTECH/seemadrycleaner.in/vendor/laravel/framework/src/Illuminate/Pipeline/Pipeline.php(219): Illuminate/Http/Middleware/ValidatePostSize->handle()
#37 D:/DKINFOTECH/seemadrycleaner.in/vendor/laravel/framework/src/Illuminate/Foundation/Http/Middleware/PreventRequestsDuringMaintenance.php(109): Illuminate/Pipeline/Pipeline->{closure:{closure:Illuminate/Pipeline/Pipeline::carry():194}:195}()
#38 D:/DKINFOTECH/seemadrycleaner.in/vendor/laravel/framework/src/Illuminate/Pipeline/Pipeline.php(219): Illuminate/Foundation/Http/Middleware/PreventRequestsDuringMaintenance->handle()
#39 D:/DKINFOTECH/seemadrycleaner.in/vendor/laravel/framework/src/Illuminate/Http/Middleware/HandleCors.php(61): Illuminate/Pipeline/Pipeline->{closure:{closure:Illuminate/Pipeline/Pipeline::carry():194}:195}()
#40 D:/DKINFOTECH/seemadrycleaner.in/vendor/laravel/framework/src/Illuminate/Pipeline/Pipeline.php(219): Illuminate/Http/Middleware/HandleCors->handle()
#41 D:/DKINFOTECH/seemadrycleaner.in/vendor/laravel/framework/src/Illuminate/Http/Middleware/TrustProxies.php(58): Illuminate/Pipeline/Pipeline->{closure:{closure:Illuminate/Pipeline/Pipeline::carry():194}:195}()
#42 D:/DKINFOTECH/seemadrycleaner.in/vendor/laravel/framework/src/Illuminate/Pipeline/Pipeline.php(219): Illuminate/Http/Middleware/TrustProxies->handle()
#43 D:/DKINFOTECH/seemadrycleaner.in/vendor/laravel/framework/src/Illuminate/Foundation/Http/Middleware/InvokeDeferredCallbacks.php(22): Illuminate/Pipeline/Pipeline->{closure:{closure:Illuminate/Pipeline/Pipeline::carry():194}:195}()
#44 D:/DKINFOTECH/seemadrycleaner.in/vendor/laravel/framework/src/Illuminate/Pipeline/Pipeline.php(219): Illuminate/Foundation/Http/Middleware/InvokeDeferredCallbacks->handle()
#45 D:/DKINFOTECH/seemadrycleaner.in/vendor/laravel/framework/src/Illuminate/Http/Middleware/ValidatePathEncoding.php(28): Illuminate/Pipeline/Pipeline->{closure:{closure:Illuminate/Pipeline/Pipeline::carry():194}:195}()
#46 D:/DKINFOTECH/seemadrycleaner.in/vendor/laravel/framework/src/Illuminate/Pipeline/Pipeline.php(219): Illuminate/Http/Middleware/ValidatePathEncoding->handle()
#47 D:/DKINFOTECH/seemadrycleaner.in/vendor/laravel/framework/src/Illuminate/Pipeline/Pipeline.php(137): Illuminate/Pipeline/Pipeline->{closure:{closure:Illuminate/Pipeline/Pipeline::carry():194}:195}()
#48 D:/DKINFOTECH/seemadrycleaner.in/vendor/laravel/framework/src/Illuminate/Foundation/Http/Kernel.php(175): Illuminate/Pipeline/Pipeline->then()
#49 D:/DKINFOTECH/seemadrycleaner.in/vendor/laravel/framework/src/Illuminate/Foundation/Http/Kernel.php(144): Illuminate/Foundation/Http/Kernel->sendRequestThroughRouter()
#50 D:/DKINFOTECH/seemadrycleaner.in/vendor/laravel/framework/src/Illuminate/Foundation/Application.php(1220): Illuminate/Foundation/Http/Kernel->handle()
#51 D:/DKINFOTECH/seemadrycleaner.in/public/index.php(20): Illuminate/Foundation/Application->handleRequest()
#52 D:/DKINFOTECH/seemadrycleaner.in/vendor/laravel/framework/src/Illuminate/Foundation/resources/server.php(23): require_once('...')
#53 {main}

[previous exception] [object] (PDOException(code: 2002): SQLSTATE[HY000] [2002] No connection could be made because the target machine actively refused it at D:/DKINFOTECH/seemadrycleaner.in/vendor/laravel/framework/src/Illuminate/Database/Connectors/Connector.php:67)
[stacktrace]
#0 D:/DKINFOTECH/seemadrycleaner.in/vendor/laravel/framework/src/Illuminate/Database/Connectors/Connector.php(67): PDO::connect()
#1 D:/DKINFOTECH/seemadrycleaner.in/vendor/laravel/framework/src/Illuminate/Database/Connectors/Connector.php(85): Illuminate/Database/Connectors/Connector->createPdoConnection()
#2 D:/DKINFOTECH/seemadrycleaner.in/vendor/laravel/framework/src/Illuminate/Database/Connectors/Connector.php(48): Illuminate/Database/Connectors/Connector->tryAgainIfCausedByLostConnection()
#3 D:/DKINFOTECH/seemadrycleaner.in/vendor/laravel/framework/src/Illuminate/Database/Connectors/MySqlConnector.php(24): Illuminate/Database/Connectors/Connector->createConnection()
#4 D:/DKINFOTECH/seemadrycleaner.in/vendor/laravel/framework/src/Illuminate/Database/Connectors/ConnectionFactory.php(188): Illuminate/Database/Connectors/MySqlConnector->connect()
#5 [internal function]: Illuminate/Database/Connectors/ConnectionFactory->{closure:Illuminate/Database/Connectors/ConnectionFactory::createPdoResolverWithHosts():181}()
#6 D:/DKINFOTECH/seemadrycleaner.in/vendor/laravel/framework/src/Illuminate/Database/Connection.php(1279): call_user_func()
#7 D:/DKINFOTECH/seemadrycleaner.in/vendor/laravel/framework/src/Illuminate/Database/Connection.php(528): Illuminate/Database/Connection->getPdo()
#8 D:/DKINFOTECH/seemadrycleaner.in/vendor/laravel/framework/src/Illuminate/Database/Connection.php(421): Illuminate/Database/Connection->getPdoForSelect()
#9 D:/DKINFOTECH/seemadrycleaner.in/vendor/laravel/framework/src/Illuminate/Database/Connection.php(830): Illuminate/Database/Connection->{closure:Illuminate/Database/Connection::select():412}()
#10 D:/DKINFOTECH/seemadrycleaner.in/vendor/laravel/framework/src/Illuminate/Database/Connection.php(1021): Illuminate/Database/Connection->runQueryCallback()
#11 D:/DKINFOTECH/seemadrycleaner.in/vendor/laravel/framework/src/Illuminate/Database/Connection.php(1000): Illuminate/Database/Connection->tryAgainIfCausedByLostConnection()
#12 D:/DKINFOTECH/seemadrycleaner.in/vendor/laravel/framework/src/Illuminate/Database/Connection.php(799): Illuminate/Database/Connection->handleQueryException()
#13 D:/DKINFOTECH/seemadrycleaner.in/vendor/laravel/framework/src/Illuminate/Database/Connection.php(412): Illuminate/Database/Connection->run()
#14 D:/DKINFOTECH/seemadrycleaner.in/vendor/laravel/framework/src/Illuminate/Database/Query/Builder.php(3562): Illuminate/Database/Connection->select()
#15 D:/DKINFOTECH/seemadrycleaner.in/vendor/laravel/framework/src/Illuminate/Database/Query/Builder.php(3546): Illuminate/Database/Query/Builder->runSelect()
#16 D:/DKINFOTECH/seemadrycleaner.in/vendor/laravel/framework/src/Illuminate/Database/Concerns/BuildsQueries.php(367): Illuminate/Database/Query/Builder->get()
#17 D:/DKINFOTECH/seemadrycleaner.in/vendor/laravel/framework/src/Illuminate/Database/Query/Builder.php(3464): Illuminate/Database/Query/Builder->first()
#18 D:/DKINFOTECH/seemadrycleaner.in/vendor/laravel/framework/src/Illuminate/Session/DatabaseSessionHandler.php(96): Illuminate/Database/Query/Builder->find()
#19 D:/DKINFOTECH/seemadrycleaner.in/vendor/laravel/framework/src/Illuminate/Session/Store.php(128): Illuminate/Session/DatabaseSessionHandler->read()
#20 D:/DKINFOTECH/seemadrycleaner.in/vendor/laravel/framework/src/Illuminate/Session/Store.php(116): Illuminate/Session/Store->readFromHandler()
#21 D:/DKINFOTECH/seemadrycleaner.in/vendor/laravel/framework/src/Illuminate/Session/Store.php(100): Illuminate/Session/Store->loadSession()
#22 D:/DKINFOTECH/seemadrycleaner.in/vendor/laravel/framework/src/Illuminate/Session/Middleware/StartSession.php(146): Illuminate/Session/Store->start()
#23 D:/DKINFOTECH/seemadrycleaner.in/vendor/laravel/framework/src/Illuminate/Support/helpers.php(393): Illuminate/Session/Middleware/StartSession->{closure:Illuminate/Session/Middleware/StartSession::startSession():143}()
#24 D:/DKINFOTECH/seemadrycleaner.in/vendor/laravel/framework/src/Illuminate/Session/Middleware/StartSession.php(143): tap()
#25 D:/DKINFOTECH/seemadrycleaner.in/vendor/laravel/framework/src/Illuminate/Session/Middleware/StartSession.php(115): Illuminate/Session/Middleware/StartSession->startSession()
#26 D:/DKINFOTECH/seemadrycleaner.in/vendor/laravel/framework/src/Illuminate/Session/Middleware/StartSession.php(63): Illuminate/Session/Middleware/StartSession->handleStatefulRequest()
#27 D:/DKINFOTECH/seemadrycleaner.in/vendor/laravel/framework/src/Illuminate/Pipeline/Pipeline.php(219): Illuminate/Session/Middleware/StartSession->handle()
#28 D:/DKINFOTECH/seemadrycleaner.in/vendor/laravel/framework/src/Illuminate/Cookie/Middleware/AddQueuedCookiesToResponse.php(36): Illuminate/Pipeline/Pipeline->{closure:{closure:Illuminate/Pipeline/Pipeline::carry():194}:195}()
#29 D:/DKINFOTECH/seemadrycleaner.in/vendor/laravel/framework/src/Illuminate/Pipeline/Pipeline.php(219): Illuminate/Cookie/Middleware/AddQueuedCookiesToResponse->handle()
#30 D:/DKINFOTECH/seemadrycleaner.in/vendor/laravel/framework/src/Illuminate/Cookie/Middleware/EncryptCookies.php(74): Illuminate/Pipeline/Pipeline->{closure:{closure:Illuminate/Pipeline/Pipeline::carry():194}:195}()
#31 D:/DKINFOTECH/seemadrycleaner.in/vendor/laravel/framework/src/Illuminate/Pipeline/Pipeline.php(219): Illuminate/Cookie/Middleware/EncryptCookies->handle()
#32 D:/DKINFOTECH/seemadrycleaner.in/vendor/laravel/framework/src/Illuminate/Pipeline/Pipeline.php(137): Illuminate/Pipeline/Pipeline->{closure:{closure:Illuminate/Pipeline/Pipeline::carry():194}:195}()
#33 D:/DKINFOTECH/seemadrycleaner.in/vendor/laravel/framework/src/Illuminate/Routing/Router.php(821): Illuminate/Pipeline/Pipeline->then()
#34 D:/DKINFOTECH/seemadrycleaner.in/vendor/laravel/framework/src/Illuminate/Routing/Router.php(800): Illuminate/Routing/Router->runRouteWithinStack()
#35 D:/DKINFOTECH/seemadrycleaner.in/vendor/laravel/framework/src/Illuminate/Routing/Router.php(764): Illuminate/Routing/Router->runRoute()
#36 D:/DKINFOTECH/seemadrycleaner.in/vendor/laravel/framework/src/Illuminate/Routing/Router.php(753): Illuminate/Routing/Router->dispatchToRoute()
#37 D:/DKINFOTECH/seemadrycleaner.in/vendor/laravel/framework/src/Illuminate/Foundation/Http/Kernel.php(200): Illuminate/Routing/Router->dispatch()
#38 D:/DKINFOTECH/seemadrycleaner.in/vendor/laravel/framework/src/Illuminate/Pipeline/Pipeline.php(180): Illuminate/Foundation/Http/Kernel->{closure:Illuminate/Foundation/Http/Kernel::dispatchToRouter():197}()
#39 D:/DKINFOTECH/seemadrycleaner.in/vendor/laravel/framework/src/Illuminate/Foundation/Http/Middleware/TransformsRequest.php(21): Illuminate/Pipeline/Pipeline->{closure:Illuminate/Pipeline/Pipeline::prepareDestination():178}()
#40 D:/DKINFOTECH/seemadrycleaner.in/vendor/laravel/framework/src/Illuminate/Foundation/Http/Middleware/ConvertEmptyStringsToNull.php(31): Illuminate/Foundation/Http/Middleware/TransformsRequest->handle()
#41 D:/DKINFOTECH/seemadrycleaner.in/vendor/laravel/framework/src/Illuminate/Pipeline/Pipeline.php(219): Illuminate/Foundation/Http/Middleware/ConvertEmptyStringsToNull->handle()
#42 D:/DKINFOTECH/seemadrycleaner.in/vendor/laravel/framework/src/Illuminate/Foundation/Http/Middleware/TransformsRequest.php(21): Illuminate/Pipeline/Pipeline->{closure:{closure:Illuminate/Pipeline/Pipeline::carry():194}:195}()
#43 D:/DKINFOTECH/seemadrycleaner.in/vendor/laravel/framework/src/Illuminate/Foundation/Http/Middleware/TrimStrings.php(51): Illuminate/Foundation/Http/Middleware/TransformsRequest->handle()
#44 D:/DKINFOTECH/seemadrycleaner.in/vendor/laravel/framework/src/Illuminate/Pipeline/Pipeline.php(219): Illuminate/Foundation/Http/Middleware/TrimStrings->handle()
#45 D:/DKINFOTECH/seemadrycleaner.in/vendor/laravel/framework/src/Illuminate/Http/Middleware/ValidatePostSize.php(27): Illuminate/Pipeline/Pipeline->{closure:{closure:Illuminate/Pipeline/Pipeline::carry():194}:195}()
#46 D:/DKINFOTECH/seemadrycleaner.in/vendor/laravel/framework/src/Illuminate/Pipeline/Pipeline.php(219): Illuminate/Http/Middleware/ValidatePostSize->handle()
#47 D:/DKINFOTECH/seemadrycleaner.in/vendor/laravel/framework/src/Illuminate/Foundation/Http/Middleware/PreventRequestsDuringMaintenance.php(109): Illuminate/Pipeline/Pipeline->{closure:{closure:Illuminate/Pipeline/Pipeline::carry():194}:195}()
#48 D:/DKINFOTECH/seemadrycleaner.in/vendor/laravel/framework/src/Illuminate/Pipeline/Pipeline.php(219): Illuminate/Foundation/Http/Middleware/PreventRequestsDuringMaintenance->handle()
#49 D:/DKINFOTECH/seemadrycleaner.in/vendor/laravel/framework/src/Illuminate/Http/Middleware/HandleCors.php(61): Illuminate/Pipeline/Pipeline->{closure:{closure:Illuminate/Pipeline/Pipeline::carry():194}:195}()
#50 D:/DKINFOTECH/seemadrycleaner.in/vendor/laravel/framework/src/Illuminate/Pipeline/Pipeline.php(219): Illuminate/Http/Middleware/HandleCors->handle()
#51 D:/DKINFOTECH/seemadrycleaner.in/vendor/laravel/framework/src/Illuminate/Http/Middleware/TrustProxies.php(58): Illuminate/Pipeline/Pipeline->{closure:{closure:Illuminate/Pipeline/Pipeline::carry():194}:195}()
#52 D:/DKINFOTECH/seemadrycleaner.in/vendor/laravel/framework/src/Illuminate/Pipeline/Pipeline.php(219): Illuminate/Http/Middleware/TrustProxies->handle()
#53 D:/DKINFOTECH/seemadrycleaner.in/vendor/laravel/framework/src/Illuminate/Foundation/Http/Middleware/InvokeDeferredCallbacks.php(22): Illuminate/Pipeline/Pipeline->{closure:{closure:Illuminate/Pipeline/Pipeline::carry():194}:195}()
#54 D:/DKINFOTECH/seemadrycleaner.in/vendor/laravel/framework/src/Illuminate/Pipeline/Pipeline.php(219): Illuminate/Foundation/Http/Middleware/InvokeDeferredCallbacks->handle()
#55 D:/DKINFOTECH/seemadrycleaner.in/vendor/laravel/framework/src/Illuminate/Http/Middleware/ValidatePathEncoding.php(28): Illuminate/Pipeline/Pipeline->{closure:{closure:Illuminate/Pipeline/Pipeline::carry():194}:195}()
#56 D:/DKINFOTECH/seemadrycleaner.in/vendor/laravel/framework/src/Illuminate/Pipeline/Pipeline.php(219): Illuminate/Http/Middleware/ValidatePathEncoding->handle()
#57 D:/DKINFOTECH/seemadrycleaner.in/vendor/laravel/framework/src/Illuminate/Pipeline/Pipeline.php(137): Illuminate/Pipeline/Pipeline->{closure:{closure:Illuminate/Pipeline/Pipeline::carry():194}:195}()
#58 D:/DKINFOTECH/seemadrycleaner.in/vendor/laravel/framework/src/Illuminate/Foundation/Http/Kernel.php(175): Illuminate/Pipeline/Pipeline->then()
#59 D:/DKINFOTECH/seemadrycleaner.in/vendor/laravel/framework/src/Illuminate/Foundation/Http/Kernel.php(144): Illuminate/Foundation/Http/Kernel->sendRequestThroughRouter()
#60 D:/DKINFOTECH/seemadrycleaner.in/vendor/laravel/framework/src/Illuminate/Foundation/Application.php(1220): Illuminate/Foundation/Http/Kernel->handle()
#61 D:/DKINFOTECH/seemadrycleaner.in/public/index.php(20): Illuminate/Foundation/Application->handleRequest()
#62 D:/DKINFOTECH/seemadrycleaner.in/vendor/laravel/framework/src/Illuminate/Foundation/resources/server.php(23): require_once('...')
#63 {main}
"} 
[2026-09-14 07:33:54] local.ERROR: SQLSTATE[HY000] [2002] No connection could be made because the target machine actively refused it (Connection: mysql, Host: 127.0.0.1, Port: 3306, Database: seemadrycleaner, SQL: select * from `sessions` where `id` = iYzUuGZc78r0ZM7ZeCjjXroXhd1c5sVTwQ1l6mu0 limit 1) {"exception":"[object] (Illuminate\\Database\\QueryException(code: 2002): SQLSTATE[HY000] [2002] No connection could be made because the target machine actively refused it (Connection: mysql, Host: 127.0.0.1, Port: 3306, Database: seemadrycleaner, SQL: select * from `sessions` where `id` = iYzUuGZc78r0ZM7ZeCjjXroXhd1c5sVTwQ1l6mu0 limit 1) at D:/DKINFOTECH/seemadrycleaner.in/vendor/laravel/framework/src/Illuminate/Database/Connection.php:841)
[stacktrace]
#0 D:/DKINFOTECH/seemadrycleaner.in/vendor/laravel/framework/src/Illuminate/Database/Connection.php(1021): Illuminate/Database/Connection->runQueryCallback()
#1 D:/DKINFOTECH/seemadrycleaner.in/vendor/laravel/framework/src/Illuminate/Database/Connection.php(1000): Illuminate/Database/Connection->tryAgainIfCausedByLostConnection()
#2 D:/DKINFOTECH/seemadrycleaner.in/vendor/laravel/framework/src/Illuminate/Database/Connection.php(799): Illuminate/Database/Connection->handleQueryException()
#3 D:/DKINFOTECH/seemadrycleaner.in/vendor/laravel/framework/src/Illuminate/Database/Connection.php(412): Illuminate/Database/Connection->run()
#4 D:/DKINFOTECH/seemadrycleaner.in/vendor/laravel/framework/src/Illuminate/Database/Query/Builder.php(3562): Illuminate/Database/Connection->select()
#5 D:/DKINFOTECH/seemadrycleaner.in/vendor/laravel/framework/src/Illuminate/Database/Query/Builder.php(3546): Illuminate/Database/Query/Builder->runSelect()
#6 D:/DKINFOTECH/seemadrycleaner.in/vendor/laravel/framework/src/Illuminate/Database/Concerns/BuildsQueries.php(367): Illuminate/Database/Query/Builder->get()
#7 D:/DKINFOTECH/seemadrycleaner.in/vendor/laravel/framework/src/Illuminate/Database/Query/Builder.php(3464): Illuminate/Database/Query/Builder->first()
#8 D:/DKINFOTECH/seemadrycleaner.in/vendor/laravel/framework/src/Illuminate/Session/DatabaseSessionHandler.php(96): Illuminate/Database/Query/Builder->find()
#9 D:/DKINFOTECH/seemadrycleaner.in/vendor/laravel/framework/src/Illuminate/Session/Store.php(128): Illuminate/Session/DatabaseSessionHandler->read()
#10 D:/DKINFOTECH/seemadrycleaner.in/vendor/laravel/framework/src/Illuminate/Session/Store.php(116): Illuminate/Session/Store->readFromHandler()
#11 D:/DKINFOTECH/seemadrycleaner.in/vendor/laravel/framework/src/Illuminate/Session/Store.php(100): Illuminate/Session/Store->loadSession()
#12 D:/DKINFOTECH/seemadrycleaner.in/vendor/laravel/framework/src/Illuminate/Session/Middleware/StartSession.php(146): Illuminate/Session/Store->start()
#13 D:/DKINFOTECH/seemadrycleaner.in/vendor/laravel/framework/src/Illuminate/Support/helpers.php(393): Illuminate/Session/Middleware/StartSession->{closure:Illuminate/Session/Middleware/StartSession::startSession():143}()
#14 D:/DKINFOTECH/seemadrycleaner.in/vendor/laravel/framework/src/Illuminate/Session/Middleware/StartSession.php(143): tap()
#15 D:/DKINFOTECH/seemadrycleaner.in/vendor/laravel/framework/src/Illuminate/Session/Middleware/StartSession.php(115): Illuminate/Session/Middleware/StartSession->startSession()
#16 D:/DKINFOTECH/seemadrycleaner.in/vendor/laravel/framework/src/Illuminate/Session/Middleware/StartSession.php(63): Illuminate/Session/Middleware/StartSession->handleStatefulRequest()
#17 D:/DKINFOTECH/seemadrycleaner.in/vendor/laravel/framework/src/Illuminate/Pipeline/Pipeline.php(219): Illuminate/Session/Middleware/StartSession->handle()
#18 D:/DKINFOTECH/seemadrycleaner.in/vendor/laravel/framework/src/Illuminate/Cookie/Middleware/AddQueuedCookiesToResponse.php(36): Illuminate/Pipeline/Pipeline->{closure:{closure:Illuminate/Pipeline/Pipeline::carry():194}:195}()
#19 D:/DKINFOTECH/seemadrycleaner.in/vendor/laravel/framework/src/Illuminate/Pipeline/Pipeline.php(219): Illuminate/Cookie/Middleware/AddQueuedCookiesToResponse->handle()
#20 D:/DKINFOTECH/seemadrycleaner.in/vendor/laravel/framework/src/Illuminate/Cookie/Middleware/EncryptCookies.php(74): Illuminate/Pipeline/Pipeline->{closure:{closure:Illuminate/Pipeline/Pipeline::carry():194}:195}()
#21 D:/DKINFOTECH/seemadrycleaner.in/vendor/laravel/framework/src/Illuminate/Pipeline/Pipeline.php(219): Illuminate/Cookie/Middleware/EncryptCookies->handle()
#22 D:/DKINFOTECH/seemadrycleaner.in/vendor/laravel/framework/src/Illuminate/Pipeline/Pipeline.php(137): Illuminate/Pipeline/Pipeline->{closure:{closure:Illuminate/Pipeline/Pipeline::carry():194}:195}()
#23 D:/DKINFOTECH/seemadrycleaner.in/vendor/laravel/framework/src/Illuminate/Routing/Router.php(821): Illuminate/Pipeline/Pipeline->then()
#24 D:/DKINFOTECH/seemadrycleaner.in/vendor/laravel/framework/src/Illuminate/Routing/Router.php(800): Illuminate/Routing/Router->runRouteWithinStack()
#25 D:/DKINFOTECH/seemadrycleaner.in/vendor/laravel/framework/src/Illuminate/Routing/Router.php(764): Illuminate/Routing/Router->runRoute()
#26 D:/DKINFOTECH/seemadrycleaner.in/vendor/laravel/framework/src/Illuminate/Routing/Router.php(753): Illuminate/Routing/Router->dispatchToRoute()
#27 D:/DKINFOTECH/seemadrycleaner.in/vendor/laravel/framework/src/Illuminate/Foundation/Http/Kernel.php(200): Illuminate/Routing/Router->dispatch()
#28 D:/DKINFOTECH/seemadrycleaner.in/vendor/laravel/framework/src/Illuminate/Pipeline/Pipeline.php(180): Illuminate/Foundation/Http/Kernel->{closure:Illuminate/Foundation/Http/Kernel::dispatchToRouter():197}()
#29 D:/DKINFOTECH/seemadrycleaner.in/vendor/laravel/framework/src/Illuminate/Foundation/Http/Middleware/TransformsRequest.php(21): Illuminate/Pipeline/Pipeline->{closure:Illuminate/Pipeline/Pipeline::prepareDestination():178}()
#30 D:/DKINFOTECH/seemadrycleaner.in/vendor/laravel/framework/src/Illuminate/Foundation/Http/Middleware/ConvertEmptyStringsToNull.php(31): Illuminate/Foundation/Http/Middleware/TransformsRequest->handle()
#31 D:/DKINFOTECH/seemadrycleaner.in/vendor/laravel/framework/src/Illuminate/Pipeline/Pipeline.php(219): Illuminate/Foundation/Http/Middleware/ConvertEmptyStringsToNull->handle()
#32 D:/DKINFOTECH/seemadrycleaner.in/vendor/laravel/framework/src/Illuminate/Foundation/Http/Middleware/TransformsRequest.php(21): Illuminate/Pipeline/Pipeline->{closure:{closure:Illuminate/Pipeline/Pipeline::carry():194}:195}()
#33 D:/DKINFOTECH/seemadrycleaner.in/vendor/laravel/framework/src/Illuminate/Foundation/Http/Middleware/TrimStrings.php(51): Illuminate/Foundation/Http/Middleware/TransformsRequest->handle()
#34 D:/DKINFOTECH/seemadrycleaner.in/vendor/laravel/framework/src/Illuminate/Pipeline/Pipeline.php(219): Illuminate/Foundation/Http/Middleware/TrimStrings->handle()
#35 D:/DKINFOTECH/seemadrycleaner.in/vendor/laravel/framework/src/Illuminate/Http/Middleware/ValidatePostSize.php(27): Illuminate/Pipeline/Pipeline->{closure:{closure:Illuminate/Pipeline/Pipeline::carry():194}:195}()
#36 D:/DKINFOTECH/seemadrycleaner.in/vendor/laravel/framework/src/Illuminate/Pipeline/Pipeline.php(219): Illuminate/Http/Middleware/ValidatePostSize->handle()
#37 D:/DKINFOTECH/seemadrycleaner.in/vendor/laravel/framework/src/Illuminate/Foundation/Http/Middleware/PreventRequestsDuringMaintenance.php(109): Illuminate/Pipeline/Pipeline->{closure:{closure:Illuminate/Pipeline/Pipeline::carry():194}:195}()
#38 D:/DKINFOTECH/seemadrycleaner.in/vendor/laravel/framework/src/Illuminate/Pipeline/Pipeline.php(219): Illuminate/Foundation/Http/Middleware/PreventRequestsDuringMaintenance->handle()
#39 D:/DKINFOTECH/seemadrycleaner.in/vendor/laravel/framework/src/Illuminate/Http/Middleware/HandleCors.php(61): Illuminate/Pipeline/Pipeline->{closure:{closure:Illuminate/Pipeline/Pipeline::carry():194}:195}()
#40 D:/DKINFOTECH/seemadrycleaner.in/vendor/laravel/framework/src/Illuminate/Pipeline/Pipeline.php(219): Illuminate/Http/Middleware/HandleCors->handle()
#41 D:/DKINFOTECH/seemadrycleaner.in/vendor/laravel/framework/src/Illuminate/Http/Middleware/TrustProxies.php(58): Illuminate/Pipeline/Pipeline->{closure:{closure:Illuminate/Pipeline/Pipeline::carry():194}:195}()
#42 D:/DKINFOTECH/seemadrycleaner.in/vendor/laravel/framework/src/Illuminate/Pipeline/Pipeline.php(219): Illuminate/Http/Middleware/TrustProxies->handle()
#43 D:/DKINFOTECH/seemadrycleaner.in/vendor/laravel/framework/src/Illuminate/Foundation/Http/Middleware/InvokeDeferredCallbacks.php(22): Illuminate/Pipeline/Pipeline->{closure:{closure:Illuminate/Pipeline/Pipeline::carry():194}:195}()
#44 D:/DKINFOTECH/seemadrycleaner.in/vendor/laravel/framework/src/Illuminate/Pipeline/Pipeline.php(219): Illuminate/Foundation/Http/Middleware/InvokeDeferredCallbacks->handle()
#45 D:/DKINFOTECH/seemadrycleaner.in/vendor/laravel/framework/src/Illuminate/Http/Middleware/ValidatePathEncoding.php(28): Illuminate/Pipeline/Pipeline->{closure:{closure:Illuminate/Pipeline/Pipeline::carry():194}:195}()
#46 D:/DKINFOTECH/seemadrycleaner.in/vendor/laravel/framework/src/Illuminate/Pipeline/Pipeline.php(219): Illuminate/Http/Middleware/ValidatePathEncoding->handle()
#47 D:/DKINFOTECH/seemadrycleaner.in/vendor/laravel/framework/src/Illuminate/Pipeline/Pipeline.php(137): Illuminate/Pipeline/Pipeline->{closure:{closure:Illuminate/Pipeline/Pipeline::carry():194}:195}()
#48 D:/DKINFOTECH/seemadrycleaner.in/vendor/laravel/framework/src/Illuminate/Foundation/Http/Kernel.php(175): Illuminate/Pipeline/Pipeline->then()
#49 D:/DKINFOTECH/seemadrycleaner.in/vendor/laravel/framework/src/Illuminate/Foundation/Http/Kernel.php(144): Illuminate/Foundation/Http/Kernel->sendRequestThroughRouter()
#50 D:/DKINFOTECH/seemadrycleaner.in/vendor/laravel/framework/src/Illuminate/Foundation/Application.php(1220): Illuminate/Foundation/Http/Kernel->handle()
#51 D:/DKINFOTECH/seemadrycleaner.in/public/index.php(20): Illuminate/Foundation/Application->handleRequest()
#52 D:/DKINFOTECH/seemadrycleaner.in/vendor/laravel/framework/src/Illuminate/Foundation/resources/server.php(23): require_once('...')
#53 {main}

[previous exception] [object] (PDOException(code: 2002): SQLSTATE[HY000] [2002] No connection could be made because the target machine actively refused it at D:/DKINFOTECH/seemadrycleaner.in/vendor/laravel/framework/src/Illuminate/Database/Connectors/Connector.php:67)
[stacktrace]
#0 D:/DKINFOTECH/seemadrycleaner.in/vendor/laravel/framework/src/Illuminate/Database/Connectors/Connector.php(67): PDO::connect()
#1 D:/DKINFOTECH/seemadrycleaner.in/vendor/laravel/framework/src/Illuminate/Database/Connectors/Connector.php(85): Illuminate/Database/Connectors/Connector->createPdoConnection()
#2 D:/DKINFOTECH/seemadrycleaner.in/vendor/laravel/framework/src/Illuminate/Database/Connectors/Connector.php(48): Illuminate/Database/Connectors/Connector->tryAgainIfCausedByLostConnection()
#3 D:/DKINFOTECH/seemadrycleaner.in/vendor/laravel/framework/src/Illuminate/Database/Connectors/MySqlConnector.php(24): Illuminate/Database/Connectors/Connector->createConnection()
#4 D:/DKINFOTECH/seemadrycleaner.in/vendor/laravel/framework/src/Illuminate/Database/Connectors/ConnectionFactory.php(188): Illuminate/Database/Connectors/MySqlConnector->connect()
#5 [internal function]: Illuminate/Database/Connectors/ConnectionFactory->{closure:Illuminate/Database/Connectors/ConnectionFactory::createPdoResolverWithHosts():181}()
#6 D:/DKINFOTECH/seemadrycleaner.in/vendor/laravel/framework/src/Illuminate/Database/Connection.php(1279): call_user_func()
#7 D:/DKINFOTECH/seemadrycleaner.in/vendor/laravel/framework/src/Illuminate/Database/Connection.php(528): Illuminate/Database/Connection->getPdo()
#8 D:/DKINFOTECH/seemadrycleaner.in/vendor/laravel/framework/src/Illuminate/Database/Connection.php(421): Illuminate/Database/Connection->getPdoForSelect()
#9 D:/DKINFOTECH/seemadrycleaner.in/vendor/laravel/framework/src/Illuminate/Database/Connection.php(830): Illuminate/Database/Connection->{closure:Illuminate/Database/Connection::select():412}()
#10 D:/DKINFOTECH/seemadrycleaner.in/vendor/laravel/framework/src/Illuminate/Database/Connection.php(1021): Illuminate/Database/Connection->runQueryCallback()
#11 D:/DKINFOTECH/seemadrycleaner.in/vendor/laravel/framework/src/Illuminate/Database/Connection.php(1000): Illuminate/Database/Connection->tryAgainIfCausedByLostConnection()
#12 D:/DKINFOTECH/seemadrycleaner.in/vendor/laravel/framework/src/Illuminate/Database/Connection.php(799): Illuminate/Database/Connection->handleQueryException()
#13 D:/DKINFOTECH/seemadrycleaner.in/vendor/laravel/framework/src/Illuminate/Database/Connection.php(412): Illuminate/Database/Connection->run()
#14 D:/DKINFOTECH/seemadrycleaner.in/vendor/laravel/framework/src/Illuminate/Database/Query/Builder.php(3562): Illuminate/Database/Connection->select()
#15 D:/DKINFOTECH/seemadrycleaner.in/vendor/laravel/framework/src/Illuminate/Database/Query/Builder.php(3546): Illuminate/Database/Query/Builder->runSelect()
#16 D:/DKINFOTECH/seemadrycleaner.in/vendor/laravel/framework/src/Illuminate/Database/Concerns/BuildsQueries.php(367): Illuminate/Database/Query/Builder->get()
#17 D:/DKINFOTECH/seemadrycleaner.in/vendor/laravel/framework/src/Illuminate/Database/Query/Builder.php(3464): Illuminate/Database/Query/Builder->first()
#18 D:/DKINFOTECH/seemadrycleaner.in/vendor/laravel/framework/src/Illuminate/Session/DatabaseSessionHandler.php(96): Illuminate/Database/Query/Builder->find()
#19 D:/DKINFOTECH/seemadrycleaner.in/vendor/laravel/framework/src/Illuminate/Session/Store.php(128): Illuminate/Session/DatabaseSessionHandler->read()
#20 D:/DKINFOTECH/seemadrycleaner.in/vendor/laravel/framework/src/Illuminate/Session/Store.php(116): Illuminate/Session/Store->readFromHandler()
#21 D:/DKINFOTECH/seemadrycleaner.in/vendor/laravel/framework/src/Illuminate/Session/Store.php(100): Illuminate/Session/Store->loadSession()
#22 D:/DKINFOTECH/seemadrycleaner.in/vendor/laravel/framework/src/Illuminate/Session/Middleware/StartSession.php(146): Illuminate/Session/Store->start()
#23 D:/DKINFOTECH/seemadrycleaner.in/vendor/laravel/framework/src/Illuminate/Support/helpers.php(393): Illuminate/Session/Middleware/StartSession->{closure:Illuminate/Session/Middleware/StartSession::startSession():143}()
#24 D:/DKINFOTECH/seemadrycleaner.in/vendor/laravel/framework/src/Illuminate/Session/Middleware/StartSession.php(143): tap()
#25 D:/DKINFOTECH/seemadrycleaner.in/vendor/laravel/framework/src/Illuminate/Session/Middleware/StartSession.php(115): Illuminate/Session/Middleware/StartSession->startSession()
#26 D:/DKINFOTECH/seemadrycleaner.in/vendor/laravel/framework/src/Illuminate/Session/Middleware/StartSession.php(63): Illuminate/Session/Middleware/StartSession->handleStatefulRequest()
#27 D:/DKINFOTECH/seemadrycleaner.in/vendor/laravel/framework/src/Illuminate/Pipeline/Pipeline.php(219): Illuminate/Session/Middleware/StartSession->handle()
#28 D:/DKINFOTECH/seemadrycleaner.in/vendor/laravel/framework/src/Illuminate/Cookie/Middleware/AddQueuedCookiesToResponse.php(36): Illuminate/Pipeline/Pipeline->{closure:{closure:Illuminate/Pipeline/Pipeline::carry():194}:195}()
#29 D:/DKINFOTECH/seemadrycleaner.in/vendor/laravel/framework/src/Illuminate/Pipeline/Pipeline.php(219): Illuminate/Cookie/Middleware/AddQueuedCookiesToResponse->handle()
#30 D:/DKINFOTECH/seemadrycleaner.in/vendor/laravel/framework/src/Illuminate/Cookie/Middleware/EncryptCookies.php(74): Illuminate/Pipeline/Pipeline->{closure:{closure:Illuminate/Pipeline/Pipeline::carry():194}:195}()
#31 D:/DKINFOTECH/seemadrycleaner.in/vendor/laravel/framework/src/Illuminate/Pipeline/Pipeline.php(219): Illuminate/Cookie/Middleware/EncryptCookies->handle()
#32 D:/DKINFOTECH/seemadrycleaner.in/vendor/laravel/framework/src/Illuminate/Pipeline/Pipeline.php(137): Illuminate/Pipeline/Pipeline->{closure:{closure:Illuminate/Pipeline/Pipeline::carry():194}:195}()
#33 D:/DKINFOTECH/seemadrycleaner.in/vendor/laravel/framework/src/Illuminate/Routing/Router.php(821): Illuminate/Pipeline/Pipeline->then()
#34 D:/DKINFOTECH/seemadrycleaner.in/vendor/laravel/framework/src/Illuminate/Routing/Router.php(800): Illuminate/Routing/Router->runRouteWithinStack()
#35 D:/DKINFOTECH/seemadrycleaner.in/vendor/laravel/framework/src/Illuminate/Routing/Router.php(764): Illuminate/Routing/Router->runRoute()
#36 D:/DKINFOTECH/seemadrycleaner.in/vendor/laravel/framework/src/Illuminate/Routing/Router.php(753): Illuminate/Routing/Router->dispatchToRoute()
#37 D:/DKINFOTECH/seemadrycleaner.in/vendor/laravel/framework/src/Illuminate/Foundation/Http/Kernel.php(200): Illuminate/Routing/Router->dispatch()
#38 D:/DKINFOTECH/seemadrycleaner.in/vendor/laravel/framework/src/Illuminate/Pipeline/Pipeline.php(180): Illuminate/Foundation/Http/Kernel->{closure:Illuminate/Foundation/Http/Kernel::dispatchToRouter():197}()
#39 D:/DKINFOTECH/seemadrycleaner.in/vendor/laravel/framework/src/Illuminate/Foundation/Http/Middleware/TransformsRequest.php(21): Illuminate/Pipeline/Pipeline->{closure:Illuminate/Pipeline/Pipeline::prepareDestination():178}()
#40 D:/DKINFOTECH/seemadrycleaner.in/vendor/laravel/framework/src/Illuminate/Foundation/Http/Middleware/ConvertEmptyStringsToNull.php(31): Illuminate/Foundation/Http/Middleware/TransformsRequest->handle()
#41 D:/DKINFOTECH/seemadrycleaner.in/vendor/laravel/framework/src/Illuminate/Pipeline/Pipeline.php(219): Illuminate/Foundation/Http/Middleware/ConvertEmptyStringsToNull->handle()
#42 D:/DKINFOTECH/seemadrycleaner.in/vendor/laravel/framework/src/Illuminate/Foundation/Http/Middleware/TransformsRequest.php(21): Illuminate/Pipeline/Pipeline->{closure:{closure:Illuminate/Pipeline/Pipeline::carry():194}:195}()
#43 D:/DKINFOTECH/seemadrycleaner.in/vendor/laravel/framework/src/Illuminate/Foundation/Http/Middleware/TrimStrings.php(51): Illuminate/Foundation/Http/Middleware/TransformsRequest->handle()
#44 D:/DKINFOTECH/seemadrycleaner.in/vendor/laravel/framework/src/Illuminate/Pipeline/Pipeline.php(219): Illuminate/Foundation/Http/Middleware/TrimStrings->handle()
#45 D:/DKINFOTECH/seemadrycleaner.in/vendor/laravel/framework/src/Illuminate/Http/Middleware/ValidatePostSize.php(27): Illuminate/Pipeline/Pipeline->{closure:{closure:Illuminate/Pipeline/Pipeline::carry():194}:195}()
#46 D:/DKINFOTECH/seemadrycleaner.in/vendor/laravel/framework/src/Illuminate/Pipeline/Pipeline.php(219): Illuminate/Http/Middleware/ValidatePostSize->handle()
#47 D:/DKINFOTECH/seemadrycleaner.in/vendor/laravel/framework/src/Illuminate/Foundation/Http/Middleware/PreventRequestsDuringMaintenance.php(109): Illuminate/Pipeline/Pipeline->{closure:{closure:Illuminate/Pipeline/Pipeline::carry():194}:195}()
#48 D:/DKINFOTECH/seemadrycleaner.in/vendor/laravel/framework/src/Illuminate/Pipeline/Pipeline.php(219): Illuminate/Foundation/Http/Middleware/PreventRequestsDuringMaintenance->handle()
#49 D:/DKINFOTECH/seemadrycleaner.in/vendor/laravel/framework/src/Illuminate/Http/Middleware/HandleCors.php(61): Illuminate/Pipeline/Pipeline->{closure:{closure:Illuminate/Pipeline/Pipeline::carry():194}:195}()
#50 D:/DKINFOTECH/seemadrycleaner.in/vendor/laravel/framework/src/Illuminate/Pipeline/Pipeline.php(219): Illuminate/Http/Middleware/HandleCors->handle()
#51 D:/DKINFOTECH/seemadrycleaner.in/vendor/laravel/framework/src/Illuminate/Http/Middleware/TrustProxies.php(58): Illuminate/Pipeline/Pipeline->{closure:{closure:Illuminate/Pipeline/Pipeline::carry():194}:195}()
#52 D:/DKINFOTECH/seemadrycleaner.in/vendor/laravel/framework/src/Illuminate/Pipeline/Pipeline.php(219): Illuminate/Http/Middleware/TrustProxies->handle()
#53 D:/DKINFOTECH/seemadrycleaner.in/vendor/laravel/framework/src/Illuminate/Foundation/Http/Middleware/InvokeDeferredCallbacks.php(22): Illuminate/Pipeline/Pipeline->{closure:{closure:Illuminate/Pipeline/Pipeline::carry():194}:195}()
#54 D:/DKINFOTECH/seemadrycleaner.in/vendor/laravel/framework/src/Illuminate/Pipeline/Pipeline.php(219): Illuminate/Foundation/Http/Middleware/InvokeDeferredCallbacks->handle()
#55 D:/DKINFOTECH/seemadrycleaner.in/vendor/laravel/framework/src/Illuminate/Http/Middleware/ValidatePathEncoding.php(28): Illuminate/Pipeline/Pipeline->{closure:{closure:Illuminate/Pipeline/Pipeline::carry():194}:195}()
#56 D:/DKINFOTECH/seemadrycleaner.in/vendor/laravel/framework/src/Illuminate/Pipeline/Pipeline.php(219): Illuminate/Http/Middleware/ValidatePathEncoding->handle()
#57 D:/DKINFOTECH/seemadrycleaner.in/vendor/laravel/framework/src/Illuminate/Pipeline/Pipeline.php(137): Illuminate/Pipeline/Pipeline->{closure:{closure:Illuminate/Pipeline/Pipeline::carry():194}:195}()
#58 D:/DKINFOTECH/seemadrycleaner.in/vendor/laravel/framework/src/Illuminate/Foundation/Http/Kernel.php(175): Illuminate/Pipeline/Pipeline->then()
#59 D:/DKINFOTECH/seemadrycleaner.in/vendor/laravel/framework/src/Illuminate/Foundation/Http/Kernel.php(144): Illuminate/Foundation/Http/Kernel->sendRequestThroughRouter()
#60 D:/DKINFOTECH/seemadrycleaner.in/vendor/laravel/framework/src/Illuminate/Foundation/Application.php(1220): Illuminate/Foundation/Http/Kernel->handle()
#61 D:/DKINFOTECH/seemadrycleaner.in/public/index.php(20): Illuminate/Foundation/Application->handleRequest()
#62 D:/DKINFOTECH/seemadrycleaner.in/vendor/laravel/framework/src/Illuminate/Foundation/resources/server.php(23): require_once('...')
#63 {main}
"} 
[2026-09-14 07:35:13] local.ERROR: Database file at path [D:\DKINFOTECH\seemadrycleaner.in\database\database.sqlite] does not exist. Ensure this is an absolute path to the database. (Connection: sqlite, Database: D:\DKINFOTECH\seemadrycleaner.in\database\database.sqlite, SQL: select * from "sessions" where "id" = pstcj7EsUcFcTtci91PGO2NYZsJFcCeX7NJL47lI limit 1) {"exception":"[object] (Illuminate\\Database\\QueryException(code: 0): Database file at path [D:\\DKINFOTECH\\seemadrycleaner.in\\database\\database.sqlite] does not exist. Ensure this is an absolute path to the database. (Connection: sqlite, Database: D:\\DKINFOTECH\\seemadrycleaner.in\\database\\database.sqlite, SQL: select * from \"sessions\" where \"id\" = pstcj7EsUcFcTtci91PGO2NYZsJFcCeX7NJL47lI limit 1) at D:/DKINFOTECH/seemadrycleaner.in/vendor/laravel/framework/src/Illuminate/Database/Connection.php:841)
[stacktrace]
#0 D:/DKINFOTECH/seemadrycleaner.in/vendor/laravel/framework/src/Illuminate/Database/Connection.php(797): Illuminate/Database/Connection->runQueryCallback()
#1 D:/DKINFOTECH/seemadrycleaner.in/vendor/laravel/framework/src/Illuminate/Database/Connection.php(412): Illuminate/Database/Connection->run()
#2 D:/DKINFOTECH/seemadrycleaner.in/vendor/laravel/framework/src/Illuminate/Database/Query/Builder.php(3562): Illuminate/Database/Connection->select()
#3 D:/DKINFOTECH/seemadrycleaner.in/vendor/laravel/framework/src/Illuminate/Database/Query/Builder.php(3546): Illuminate/Database/Query/Builder->runSelect()
#4 D:/DKINFOTECH/seemadrycleaner.in/vendor/laravel/framework/src/Illuminate/Database/Concerns/BuildsQueries.php(367): Illuminate/Database/Query/Builder->get()
#5 D:/DKINFOTECH/seemadrycleaner.in/vendor/laravel/framework/src/Illuminate/Database/Query/Builder.php(3464): Illuminate/Database/Query/Builder->first()
#6 D:/DKINFOTECH/seemadrycleaner.in/vendor/laravel/framework/src/Illuminate/Session/DatabaseSessionHandler.php(96): Illuminate/Database/Query/Builder->find()
#7 D:/DKINFOTECH/seemadrycleaner.in/vendor/laravel/framework/src/Illuminate/Session/Store.php(128): Illuminate/Session/DatabaseSessionHandler->read()
#8 D:/DKINFOTECH/seemadrycleaner.in/vendor/laravel/framework/src/Illuminate/Session/Store.php(116): Illuminate/Session/Store->readFromHandler()
#9 D:/DKINFOTECH/seemadrycleaner.in/vendor/laravel/framework/src/Illuminate/Session/Store.php(100): Illuminate/Session/Store->loadSession()
#10 D:/DKINFOTECH/seemadrycleaner.in/vendor/laravel/framework/src/Illuminate/Session/Middleware/StartSession.php(146): Illuminate/Session/Store->start()
#11 D:/DKINFOTECH/seemadrycleaner.in/vendor/laravel/framework/src/Illuminate/Support/helpers.php(393): Illuminate/Session/Middleware/StartSession->{closure:Illuminate/Session/Middleware/StartSession::startSession():143}()
#12 D:/DKINFOTECH/seemadrycleaner.in/vendor/laravel/framework/src/Illuminate/Session/Middleware/StartSession.php(143): tap()
#13 D:/DKINFOTECH/seemadrycleaner.in/vendor/laravel/framework/src/Illuminate/Session/Middleware/StartSession.php(115): Illuminate/Session/Middleware/StartSession->startSession()
#14 D:/DKINFOTECH/seemadrycleaner.in/vendor/laravel/framework/src/Illuminate/Session/Middleware/StartSession.php(63): Illuminate/Session/Middleware/StartSession->handleStatefulRequest()
#15 D:/DKINFOTECH/seemadrycleaner.in/vendor/laravel/framework/src/Illuminate/Pipeline/Pipeline.php(219): Illuminate/Session/Middleware/StartSession->handle()
#16 D:/DKINFOTECH/seemadrycleaner.in/vendor/laravel/framework/src/Illuminate/Cookie/Middleware/AddQueuedCookiesToResponse.php(36): Illuminate/Pipeline/Pipeline->{closure:{closure:Illuminate/Pipeline/Pipeline::carry():194}:195}()
#17 D:/DKINFOTECH/seemadrycleaner.in/vendor/laravel/framework/src/Illuminate/Pipeline/Pipeline.php(219): Illuminate/Cookie/Middleware/AddQueuedCookiesToResponse->handle()
#18 D:/DKINFOTECH/seemadrycleaner.in/vendor/laravel/framework/src/Illuminate/Cookie/Middleware/EncryptCookies.php(74): Illuminate/Pipeline/Pipeline->{closure:{closure:Illuminate/Pipeline/Pipeline::carry():194}:195}()
#19 D:/DKINFOTECH/seemadrycleaner.in/vendor/laravel/framework/src/Illuminate/Pipeline/Pipeline.php(219): Illuminate/Cookie/Middleware/EncryptCookies->handle()
#20 D:/DKINFOTECH/seemadrycleaner.in/vendor/laravel/framework/src/Illuminate/Pipeline/Pipeline.php(137): Illuminate/Pipeline/Pipeline->{closure:{closure:Illuminate/Pipeline/Pipeline::carry():194}:195}()
#21 D:/DKINFOTECH/seemadrycleaner.in/vendor/laravel/framework/src/Illuminate/Routing/Router.php(821): Illuminate/Pipeline/Pipeline->then()
#22 D:/DKINFOTECH/seemadrycleaner.in/vendor/laravel/framework/src/Illuminate/Routing/Router.php(800): Illuminate/Routing/Router->runRouteWithinStack()
#23 D:/DKINFOTECH/seemadrycleaner.in/vendor/laravel/framework/src/Illuminate/Routing/Router.php(764): Illuminate/Routing/Router->runRoute()
#24 D:/DKINFOTECH/seemadrycleaner.in/vendor/laravel/framework/src/Illuminate/Routing/Router.php(753): Illuminate/Routing/Router->dispatchToRoute()
#25 D:/DKINFOTECH/seemadrycleaner.in/vendor/laravel/framework/src/Illuminate/Foundation/Http/Kernel.php(200): Illuminate/Routing/Router->dispatch()
#26 D:/DKINFOTECH/seemadrycleaner.in/vendor/laravel/framework/src/Illuminate/Pipeline/Pipeline.php(180): Illuminate/Foundation/Http/Kernel->{closure:Illuminate/Foundation/Http/Kernel::dispatchToRouter():197}()
#27 D:/DKINFOTECH/seemadrycleaner.in/vendor/laravel/framework/src/Illuminate/Foundation/Http/Middleware/TransformsRequest.php(21): Illuminate/Pipeline/Pipeline->{closure:Illuminate/Pipeline/Pipeline::prepareDestination():178}()
#28 D:/DKINFOTECH/seemadrycleaner.in/vendor/laravel/framework/src/Illuminate/Foundation/Http/Middleware/ConvertEmptyStringsToNull.php(31): Illuminate/Foundation/Http/Middleware/TransformsRequest->handle()
#29 D:/DKINFOTECH/seemadrycleaner.in/vendor/laravel/framework/src/Illuminate/Pipeline/Pipeline.php(219): Illuminate/Foundation/Http/Middleware/ConvertEmptyStringsToNull->handle()
#30 D:/DKINFOTECH/seemadrycleaner.in/vendor/laravel/framework/src/Illuminate/Foundation/Http/Middleware/TransformsRequest.php(21): Illuminate/Pipeline/Pipeline->{closure:{closure:Illuminate/Pipeline/Pipeline::carry():194}:195}()
#31 D:/DKINFOTECH/seemadrycleaner.in/vendor/laravel/framework/src/Illuminate/Foundation/Http/Middleware/TrimStrings.php(51): Illuminate/Foundation/Http/Middleware/TransformsRequest->handle()
#32 D:/DKINFOTECH/seemadrycleaner.in/vendor/laravel/framework/src/Illuminate/Pipeline/Pipeline.php(219): Illuminate/Foundation/Http/Middleware/TrimStrings->handle()
#33 D:/DKINFOTECH/seemadrycleaner.in/vendor/laravel/framework/src/Illuminate/Http/Middleware/ValidatePostSize.php(27): Illuminate/Pipeline/Pipeline->{closure:{closure:Illuminate/Pipeline/Pipeline::carry():194}:195}()
#34 D:/DKINFOTECH/seemadrycleaner.in/vendor/laravel/framework/src/Illuminate/Pipeline/Pipeline.php(219): Illuminate/Http/Middleware/ValidatePostSize->handle()
#35 D:/DKINFOTECH/seemadrycleaner.in/vendor/laravel/framework/src/Illuminate/Foundation/Http/Middleware/PreventRequestsDuringMaintenance.php(109): Illuminate/Pipeline/Pipeline->{closure:{closure:Illuminate/Pipeline/Pipeline::carry():194}:195}()
#36 D:/DKINFOTECH/seemadrycleaner.in/vendor/laravel/framework/src/Illuminate/Pipeline/Pipeline.php(219): Illuminate/Foundation/Http/Middleware/PreventRequestsDuringMaintenance->handle()
#37 D:/DKINFOTECH/seemadrycleaner.in/vendor/laravel/framework/src/Illuminate/Http/Middleware/HandleCors.php(61): Illuminate/Pipeline/Pipeline->{closure:{closure:Illuminate/Pipeline/Pipeline::carry():194}:195}()
#38 D:/DKINFOTECH/seemadrycleaner.in/vendor/laravel/framework/src/Illuminate/Pipeline/Pipeline.php(219): Illuminate/Http/Middleware/HandleCors->handle()
#39 D:/DKINFOTECH/seemadrycleaner.in/vendor/laravel/framework/src/Illuminate/Http/Middleware/TrustProxies.php(58): Illuminate/Pipeline/Pipeline->{closure:{closure:Illuminate/Pipeline/Pipeline::carry():194}:195}()
#40 D:/DKINFOTECH/seemadrycleaner.in/vendor/laravel/framework/src/Illuminate/Pipeline/Pipeline.php(219): Illuminate/Http/Middleware/TrustProxies->handle()
#41 D:/DKINFOTECH/seemadrycleaner.in/vendor/laravel/framework/src/Illuminate/Foundation/Http/Middleware/InvokeDeferredCallbacks.php(22): Illuminate/Pipeline/Pipeline->{closure:{closure:Illuminate/Pipeline/Pipeline::carry():194}:195}()
#42 D:/DKINFOTECH/seemadrycleaner.in/vendor/laravel/framework/src/Illuminate/Pipeline/Pipeline.php(219): Illuminate/Foundation/Http/Middleware/InvokeDeferredCallbacks->handle()
#43 D:/DKINFOTECH/seemadrycleaner.in/vendor/laravel/framework/src/Illuminate/Http/Middleware/ValidatePathEncoding.php(28): Illuminate/Pipeline/Pipeline->{closure:{closure:Illuminate/Pipeline/Pipeline::carry():194}:195}()
#44 D:/DKINFOTECH/seemadrycleaner.in/vendor/laravel/framework/src/Illuminate/Pipeline/Pipeline.php(219): Illuminate/Http/Middleware/ValidatePathEncoding->handle()
#45 D:/DKINFOTECH/seemadrycleaner.in/vendor/laravel/framework/src/Illuminate/Pipeline/Pipeline.php(137): Illuminate/Pipeline/Pipeline->{closure:{closure:Illuminate/Pipeline/Pipeline::carry():194}:195}()
#46 D:/DKINFOTECH/seemadrycleaner.in/vendor/laravel/framework/src/Illuminate/Foundation/Http/Kernel.php(175): Illuminate/Pipeline/Pipeline->then()
#47 D:/DKINFOTECH/seemadrycleaner.in/vendor/laravel/framework/src/Illuminate/Foundation/Http/Kernel.php(144): Illuminate/Foundation/Http/Kernel->sendRequestThroughRouter()
#48 D:/DKINFOTECH/seemadrycleaner.in/vendor/laravel/framework/src/Illuminate/Foundation/Application.php(1220): Illuminate/Foundation/Http/Kernel->handle()
#49 D:/DKINFOTECH/seemadrycleaner.in/public/index.php(20): Illuminate/Foundation/Application->handleRequest()
#50 D:/DKINFOTECH/seemadrycleaner.in/vendor/laravel/framework/src/Illuminate/Foundation/resources/server.php(23): require_once('...')
#51 {main}

[previous exception] [object] (Illuminate\\Database\\SQLiteDatabaseDoesNotExistException(code: 0): Database file at path [D:\\DKINFOTECH\\seemadrycleaner.in\\database\\database.sqlite] does not exist. Ensure this is an absolute path to the database. at D:/DKINFOTECH/seemadrycleaner.in/vendor/laravel/framework/src/Illuminate/Database/Connectors/SQLiteConnector.php:60)
[stacktrace]
#0 D:/DKINFOTECH/seemadrycleaner.in/vendor/laravel/framework/src/Illuminate/Database/Connectors/SQLiteConnector.php(19): Illuminate/Database/Connectors/SQLiteConnector->parseDatabasePath()
#1 D:/DKINFOTECH/seemadrycleaner.in/vendor/laravel/framework/src/Illuminate/Database/Connectors/ConnectionFactory.php(227): Illuminate/Database/Connectors/SQLiteConnector->connect()
#2 [internal function]: Illuminate/Database/Connectors/ConnectionFactory->{closure:Illuminate/Database/Connectors/ConnectionFactory::createPdoResolverWithoutHosts():227}()
#3 D:/DKINFOTECH/seemadrycleaner.in/vendor/laravel/framework/src/Illuminate/Database/Connection.php(1279): call_user_func()
#4 D:/DKINFOTECH/seemadrycleaner.in/vendor/laravel/framework/src/Illuminate/Database/Connection.php(528): Illuminate/Database/Connection->getPdo()
#5 D:/DKINFOTECH/seemadrycleaner.in/vendor/laravel/framework/src/Illuminate/Database/Connection.php(421): Illuminate/Database/Connection->getPdoForSelect()
#6 D:/DKINFOTECH/seemadrycleaner.in/vendor/laravel/framework/src/Illuminate/Database/Connection.php(830): Illuminate/Database/Connection->{closure:Illuminate/Database/Connection::select():412}()
#7 D:/DKINFOTECH/seemadrycleaner.in/vendor/laravel/framework/src/Illuminate/Database/Connection.php(797): Illuminate/Database/Connection->runQueryCallback()
#8 D:/DKINFOTECH/seemadrycleaner.in/vendor/laravel/framework/src/Illuminate/Database/Connection.php(412): Illuminate/Database/Connection->run()
#9 D:/DKINFOTECH/seemadrycleaner.in/vendor/laravel/framework/src/Illuminate/Database/Query/Builder.php(3562): Illuminate/Database/Connection->select()
#10 D:/DKINFOTECH/seemadrycleaner.in/vendor/laravel/framework/src/Illuminate/Database/Query/Builder.php(3546): Illuminate/Database/Query/Builder->runSelect()
#11 D:/DKINFOTECH/seemadrycleaner.in/vendor/laravel/framework/src/Illuminate/Database/Concerns/BuildsQueries.php(367): Illuminate/Database/Query/Builder->get()
#12 D:/DKINFOTECH/seemadrycleaner.in/vendor/laravel/framework/src/Illuminate/Database/Query/Builder.php(3464): Illuminate/Database/Query/Builder->first()
#13 D:/DKINFOTECH/seemadrycleaner.in/vendor/laravel/framework/src/Illuminate/Session/DatabaseSessionHandler.php(96): Illuminate/Database/Query/Builder->find()
#14 D:/DKINFOTECH/seemadrycleaner.in/vendor/laravel/framework/src/Illuminate/Session/Store.php(128): Illuminate/Session/DatabaseSessionHandler->read()
#15 D:/DKINFOTECH/seemadrycleaner.in/vendor/laravel/framework/src/Illuminate/Session/Store.php(116): Illuminate/Session/Store->readFromHandler()
#16 D:/DKINFOTECH/seemadrycleaner.in/vendor/laravel/framework/src/Illuminate/Session/Store.php(100): Illuminate/Session/Store->loadSession()
#17 D:/DKINFOTECH/seemadrycleaner.in/vendor/laravel/framework/src/Illuminate/Session/Middleware/StartSession.php(146): Illuminate/Session/Store->start()
#18 D:/DKINFOTECH/seemadrycleaner.in/vendor/laravel/framework/src/Illuminate/Support/helpers.php(393): Illuminate/Session/Middleware/StartSession->{closure:Illuminate/Session/Middleware/StartSession::startSession():143}()
#19 D:/DKINFOTECH/seemadrycleaner.in/vendor/laravel/framework/src/Illuminate/Session/Middleware/StartSession.php(143): tap()
#20 D:/DKINFOTECH/seemadrycleaner.in/vendor/laravel/framework/src/Illuminate/Session/Middleware/StartSession.php(115): Illuminate/Session/Middleware/StartSession->startSession()
#21 D:/DKINFOTECH/seemadrycleaner.in/vendor/laravel/framework/src/Illuminate/Session/Middleware/StartSession.php(63): Illuminate/Session/Middleware/StartSession->handleStatefulRequest()
#22 D:/DKINFOTECH/seemadrycleaner.in/vendor/laravel/framework/src/Illuminate/Pipeline/Pipeline.php(219): Illuminate/Session/Middleware/StartSession->handle()
#23 D:/DKINFOTECH/seemadrycleaner.in/vendor/laravel/framework/src/Illuminate/Cookie/Middleware/AddQueuedCookiesToResponse.php(36): Illuminate/Pipeline/Pipeline->{closure:{closure:Illuminate/Pipeline/Pipeline::carry():194}:195}()
#24 D:/DKINFOTECH/seemadrycleaner.in/vendor/laravel/framework/src/Illuminate/Pipeline/Pipeline.php(219): Illuminate/Cookie/Middleware/AddQueuedCookiesToResponse->handle()
#25 D:/DKINFOTECH/seemadrycleaner.in/vendor/laravel/framework/src/Illuminate/Cookie/Middleware/EncryptCookies.php(74): Illuminate/Pipeline/Pipeline->{closure:{closure:Illuminate/Pipeline/Pipeline::carry():194}:195}()
#26 D:/DKINFOTECH/seemadrycleaner.in/vendor/laravel/framework/src/Illuminate/Pipeline/Pipeline.php(219): Illuminate/Cookie/Middleware/EncryptCookies->handle()
#27 D:/DKINFOTECH/seemadrycleaner.in/vendor/laravel/framework/src/Illuminate/Pipeline/Pipeline.php(137): Illuminate/Pipeline/Pipeline->{closure:{closure:Illuminate/Pipeline/Pipeline::carry():194}:195}()
#28 D:/DKINFOTECH/seemadrycleaner.in/vendor/laravel/framework/src/Illuminate/Routing/Router.php(821): Illuminate/Pipeline/Pipeline->then()
#29 D:/DKINFOTECH/seemadrycleaner.in/vendor/laravel/framework/src/Illuminate/Routing/Router.php(800): Illuminate/Routing/Router->runRouteWithinStack()
#30 D:/DKINFOTECH/seemadrycleaner.in/vendor/laravel/framework/src/Illuminate/Routing/Router.php(764): Illuminate/Routing/Router->runRoute()
#31 D:/DKINFOTECH/seemadrycleaner.in/vendor/laravel/framework/src/Illuminate/Routing/Router.php(753): Illuminate/Routing/Router->dispatchToRoute()
#32 D:/DKINFOTECH/seemadrycleaner.in/vendor/laravel/framework/src/Illuminate/Foundation/Http/Kernel.php(200): Illuminate/Routing/Router->dispatch()
#33 D:/DKINFOTECH/seemadrycleaner.in/vendor/laravel/framework/src/Illuminate/Pipeline/Pipeline.php(180): Illuminate/Foundation/Http/Kernel->{closure:Illuminate/Foundation/Http/Kernel::dispatchToRouter():197}()
#34 D:/DKINFOTECH/seemadrycleaner.in/vendor/laravel/framework/src/Illuminate/Foundation/Http/Middleware/TransformsRequest.php(21): Illuminate/Pipeline/Pipeline->{closure:Illuminate/Pipeline/Pipeline::prepareDestination():178}()
#35 D:/DKINFOTECH/seemadrycleaner.in/vendor/laravel/framework/src/Illuminate/Foundation/Http/Middleware/ConvertEmptyStringsToNull.php(31): Illuminate/Foundation/Http/Middleware/TransformsRequest->handle()
#36 D:/DKINFOTECH/seemadrycleaner.in/vendor/laravel/framework/src/Illuminate/Pipeline/Pipeline.php(219): Illuminate/Foundation/Http/Middleware/ConvertEmptyStringsToNull->handle()
#37 D:/DKINFOTECH/seemadrycleaner.in/vendor/laravel/framework/src/Illuminate/Foundation/Http/Middleware/TransformsRequest.php(21): Illuminate/Pipeline/Pipeline->{closure:{closure:Illuminate/Pipeline/Pipeline::carry():194}:195}()
#38 D:/DKINFOTECH/seemadrycleaner.in/vendor/laravel/framework/src/Illuminate/Foundation/Http/Middleware/TrimStrings.php(51): Illuminate/Foundation/Http/Middleware/TransformsRequest->handle()
#39 D:/DKINFOTECH/seemadrycleaner.in/vendor/laravel/framework/src/Illuminate/Pipeline/Pipeline.php(219): Illuminate/Foundation/Http/Middleware/TrimStrings->handle()
#40 D:/DKINFOTECH/seemadrycleaner.in/vendor/laravel/framework/src/Illuminate/Http/Middleware/ValidatePostSize.php(27): Illuminate/Pipeline/Pipeline->{closure:{closure:Illuminate/Pipeline/Pipeline::carry():194}:195}()
#41 D:/DKINFOTECH/seemadrycleaner.in/vendor/laravel/framework/src/Illuminate/Pipeline/Pipeline.php(219): Illuminate/Http/Middleware/ValidatePostSize->handle()
#42 D:/DKINFOTECH/seemadrycleaner.in/vendor/laravel/framework/src/Illuminate/Foundation/Http/Middleware/PreventRequestsDuringMaintenance.php(109): Illuminate/Pipeline/Pipeline->{closure:{closure:Illuminate/Pipeline/Pipeline::carry():194}:195}()
#43 D:/DKINFOTECH/seemadrycleaner.in/vendor/laravel/framework/src/Illuminate/Pipeline/Pipeline.php(219): Illuminate/Foundation/Http/Middleware/PreventRequestsDuringMaintenance->handle()
#44 D:/DKINFOTECH/seemadrycleaner.in/vendor/laravel/framework/src/Illuminate/Http/Middleware/HandleCors.php(61): Illuminate/Pipeline/Pipeline->{closure:{closure:Illuminate/Pipeline/Pipeline::carry():194}:195}()
#45 D:/DKINFOTECH/seemadrycleaner.in/vendor/laravel/framework/src/Illuminate/Pipeline/Pipeline.php(219): Illuminate/Http/Middleware/HandleCors->handle()
#46 D:/DKINFOTECH/seemadrycleaner.in/vendor/laravel/framework/src/Illuminate/Http/Middleware/TrustProxies.php(58): Illuminate/Pipeline/Pipeline->{closure:{closure:Illuminate/Pipeline/Pipeline::carry():194}:195}()
#47 D:/DKINFOTECH/seemadrycleaner.in/vendor/laravel/framework/src/Illuminate/Pipeline/Pipeline.php(219): Illuminate/Http/Middleware/TrustProxies->handle()
#48 D:/DKINFOTECH/seemadrycleaner.in/vendor/laravel/framework/src/Illuminate/Foundation/Http/Middleware/InvokeDeferredCallbacks.php(22): Illuminate/Pipeline/Pipeline->{closure:{closure:Illuminate/Pipeline/Pipeline::carry():194}:195}()
#49 D:/DKINFOTECH/seemadrycleaner.in/vendor/laravel/framework/src/Illuminate/Pipeline/Pipeline.php(219): Illuminate/Foundation/Http/Middleware/InvokeDeferredCallbacks->handle()
#50 D:/DKINFOTECH/seemadrycleaner.in/vendor/laravel/framework/src/Illuminate/Http/Middleware/ValidatePathEncoding.php(28): Illuminate/Pipeline/Pipeline->{closure:{closure:Illuminate/Pipeline/Pipeline::carry():194}:195}()
#51 D:/DKINFOTECH/seemadrycleaner.in/vendor/laravel/framework/src/Illuminate/Pipeline/Pipeline.php(219): Illuminate/Http/Middleware/ValidatePathEncoding->handle()
#52 D:/DKINFOTECH/seemadrycleaner.in/vendor/laravel/framework/src/Illuminate/Pipeline/Pipeline.php(137): Illuminate/Pipeline/Pipeline->{closure:{closure:Illuminate/Pipeline/Pipeline::carry():194}:195}()
#53 D:/DKINFOTECH/seemadrycleaner.in/vendor/laravel/framework/src/Illuminate/Foundation/Http/Kernel.php(175): Illuminate/Pipeline/Pipeline->then()
#54 D:/DKINFOTECH/seemadrycleaner.in/vendor/laravel/framework/src/Illuminate/Foundation/Http/Kernel.php(144): Illuminate/Foundation/Http/Kernel->sendRequestThroughRouter()
#55 D:/DKINFOTECH/seemadrycleaner.in/vendor/laravel/framework/src/Illuminate/Foundation/Application.php(1220): Illuminate/Foundation/Http/Kernel->handle()
#56 D:/DKINFOTECH/seemadrycleaner.in/public/index.php(20): Illuminate/Foundation/Application->handleRequest()
#57 D:/DKINFOTECH/seemadrycleaner.in/vendor/laravel/framework/src/Illuminate/Foundation/resources/server.php(23): require_once('...')
#58 {main}
"} 
